id,scope,calls_per_loop,self_ms_per_loop,total_ms_per_loop,self_ns_per_call,positive_self_share_pct
90,CallMethod,13526.0,3.527495,5.363935,260.79,3.888
98,Return,28229.0,2.769940,7.104080,98.12,3.053
112,CallLocalMethod,41456.0,5.523430,13.883480,133.24,6.088
247,Call preparation,49045.0,2.828490,9.011505,57.67,3.117
248,Cache cleanup,49045.0,4.400905,4.400905,89.73,4.850
249,Value cleanup,49045.0,1.968250,1.968250,40.13,2.169
250,Frame views,99634.1,2.557965,2.557965,25.67,2.819
251,Frame identity,98090.0,2.216485,2.216485,22.60,2.443
252,Frame reset,49045.0,4.777545,4.777545,97.41,5.266
254,VM frame switch,98090.0,13.222100,251.587125,134.80,14.573
255,VM loop control,411709.0,15.454440,216.523380,37.54,17.033
