path,pair,control_over_candidate_speed
string_dict_get,0,1.0322374761098703
string_dict_get,1,0.9721899656695407
string_dict_get,2,1.0342496154912344
string_dict_get,3,1.0823110642874816
string_dict_get,4,1.0267953528192184
string_dict_get,5,1.0386803879352091
string_dict_get,6,1.0543959951514674
python_key_dict_get,0,1.0880582094799927
python_key_dict_get,1,1.0281499407851742
python_key_dict_get,2,1.059330557418039
python_key_dict_get,3,1.0720449211986784
python_key_dict_get,4,1.0711862106572254
python_key_dict_get,5,1.0799288762124304
python_key_dict_get,6,1.0856487238997505
builtin_hash_string,0,1.6481933710810426
builtin_hash_string,1,1.6858222927432827
builtin_hash_string,2,1.6243122218342747
builtin_hash_string,3,1.5647986928435458
builtin_hash_string,4,1.6169047814050992
builtin_hash_string,5,1.5677941358286236
builtin_hash_string,6,1.5915698541378651
builtin_hash_python_key,0,1.1380520008928283
builtin_hash_python_key,1,1.1391202170380057
builtin_hash_python_key,2,1.120670889784892
builtin_hash_python_key,3,1.109901515142973
builtin_hash_python_key,4,1.1318057589380044
builtin_hash_python_key,5,1.117426415044794
builtin_hash_python_key,6,1.1282995636469049
direct_python_hash_method,0,1.3574071767309304
direct_python_hash_method,1,1.2907366561848366
direct_python_hash_method,2,1.325471963489074
direct_python_hash_method,3,1.3360864310624452
direct_python_hash_method,4,1.3319284553026693
direct_python_hash_method,5,1.3384969663014388
direct_python_hash_method,6,1.384839427615685
saved_python_hash_method,0,1.3643712143430504
saved_python_hash_method,1,1.345267916686777
saved_python_hash_method,2,1.366803910132986
saved_python_hash_method,3,1.3548908237511716
saved_python_hash_method,4,1.3665219752549045
saved_python_hash_method,5,1.3426900605181509
saved_python_hash_method,6,1.3789333082675552
ordinary_python_hash_function,0,1.3261596663959516
ordinary_python_hash_function,1,1.3670343100176174
ordinary_python_hash_function,2,1.3507022595334313
ordinary_python_hash_function,3,1.3613213967065905
ordinary_python_hash_function,4,1.3636438972008804
ordinary_python_hash_function,5,1.3740826608550674
ordinary_python_hash_function,6,1.3366969613337625
ordinary_python_hash_wrapper,0,1.1145957744672363
ordinary_python_hash_wrapper,1,1.1279415296179822
ordinary_python_hash_wrapper,2,1.1024024639075767
ordinary_python_hash_wrapper,3,1.1188926573721574
ordinary_python_hash_wrapper,4,1.1127410409298568
ordinary_python_hash_wrapper,5,1.1563878226551245
ordinary_python_hash_wrapper,6,1.0328682043188322
