version,runtime,benchmark,value_index,elapsed_seconds
R2,cpython3147,create_gc_cycles,1,0.0016432468778475595
R2,cpython3147,create_gc_cycles,2,0.0016318093735208095
R2,cpython3147,create_gc_cycles,3,0.001460524999856716
R2,cpython3147,create_gc_cycles,4,0.0015463218778677401
R2,cpython3147,create_gc_cycles,5,0.0015694000030634925
R2,cpython3147,create_gc_cycles,6,0.00157953437519609
R2,cpython3147,create_gc_cycles,7,0.001440739061763452
R2,cpython3147,create_gc_cycles,8,0.0015180914047050464
R2,cpython3147,create_gc_cycles,9,0.0014810632810622337
R2,cpython3147,create_gc_cycles,10,0.0014969374965403404
R2,cpython3147,create_gc_cycles,11,0.0015195890609902563
R2,cpython3147,create_gc_cycles,12,0.0014599593791899679
R2,cpython3147,create_gc_cycles,13,0.0014313531260086165
R2,cpython3147,create_gc_cycles,14,0.0014850242182546936
R2,cpython3147,create_gc_cycles,15,0.0016271242184302537
R2,cpython3147,create_gc_cycles,16,0.0015470265634576208
R2,cpython3147,create_gc_cycles,17,0.0015875015651545255
R2,cpython3147,create_gc_cycles,18,0.001522636719073489
R2,cpython3147,create_gc_cycles,19,0.0014643289059677045
R2,cpython3147,create_gc_cycles,20,0.0014970789065955614
R2,cpython3147,gc_traversal,1,0.0024504281200279365
R2,cpython3147,gc_traversal,2,0.002375590620431467
R2,cpython3147,gc_traversal,3,0.002303635934367776
R2,cpython3147,gc_traversal,4,0.002135885932148085
R2,cpython3147,gc_traversal,5,0.0021729437494286685
R2,cpython3147,gc_traversal,6,0.0024512296904504183
R2,cpython3147,gc_traversal,7,0.0021884031239096657
R2,cpython3147,gc_traversal,8,0.00233658905926859
R2,cpython3147,gc_traversal,9,0.0021667906221409794
R2,cpython3147,gc_traversal,10,0.0021605406218441203
R2,cpython3147,gc_traversal,11,0.0023907874992801226
R2,cpython3147,gc_traversal,12,0.0022869171871207072
R2,cpython3147,gc_traversal,13,0.002274320313517819
R2,cpython3147,gc_traversal,14,0.0023164031299529597
R2,cpython3147,gc_traversal,15,0.0023145749983086716
R2,cpython3147,gc_traversal,16,0.0022434609336414724
R2,cpython3147,gc_traversal,17,0.0025785359384826734
R2,cpython3147,gc_traversal,18,0.0024092125040624524
R2,cpython3147,gc_traversal,19,0.0023731281307846075
R2,cpython3147,gc_traversal,20,0.002243589064164553
R2,xlang3,create_gc_cycles,1,0.0032577156234765425
R2,xlang3,create_gc_cycles,2,0.00339554687616328
R2,xlang3,create_gc_cycles,3,0.0036092359323447454
R2,xlang3,create_gc_cycles,4,0.003279451560047164
R2,xlang3,create_gc_cycles,5,0.003176676564180525
R2,xlang3,create_gc_cycles,6,0.003527065629896242
R2,xlang3,create_gc_cycles,7,0.0031860015651545837
R2,xlang3,create_gc_cycles,8,0.003492389062557777
R2,xlang3,create_gc_cycles,9,0.0034281953139725374
R2,xlang3,create_gc_cycles,10,0.003131728125481459
R2,xlang3,create_gc_cycles,11,0.00313113593711023
R2,xlang3,create_gc_cycles,12,0.0035888749980586
R2,xlang3,create_gc_cycles,13,0.0031887234308669576
R2,xlang3,create_gc_cycles,14,0.0033542953142386978
R2,xlang3,create_gc_cycles,15,0.003324470309962635
R2,xlang3,create_gc_cycles,16,0.00341329531147494
R2,xlang3,create_gc_cycles,17,0.0031770906261954224
R2,xlang3,create_gc_cycles,18,0.0033362515623593936
R2,xlang3,create_gc_cycles,19,0.003321031253108231
R2,xlang3,create_gc_cycles,20,0.0034060484385918244
R2,xlang3,gc_traversal,1,0.007460806253220653
R2,xlang3,gc_traversal,2,0.006946631241589785
R2,xlang3,gc_traversal,3,0.007259900005010422
R2,xlang3,gc_traversal,4,0.007438999997248175
R2,xlang3,gc_traversal,5,0.007096287499734899
R2,xlang3,gc_traversal,6,0.007553337498393375
R2,xlang3,gc_traversal,7,0.006844000003184192
R2,xlang3,gc_traversal,8,0.006669856247754069
R2,xlang3,gc_traversal,9,0.006707312495564111
R2,xlang3,gc_traversal,10,0.008965912493295036
R2,xlang3,gc_traversal,11,0.007001837493589846
R2,xlang3,gc_traversal,12,0.006947618745471118
R2,xlang3,gc_traversal,13,0.007384256256045774
R2,xlang3,gc_traversal,14,0.006967306246224325
R2,xlang3,gc_traversal,15,0.006538956255099038
R2,xlang3,gc_traversal,16,0.007510331241064705
R2,xlang3,gc_traversal,17,0.006689949997962685
R2,xlang3,gc_traversal,18,0.006639668757998152
R2,xlang3,gc_traversal,19,0.0067652499965333845
R2,xlang3,gc_traversal,20,0.00659271876065759
R3,cpython3147,create_gc_cycles,1,0.0014622796838921204
R3,cpython3147,create_gc_cycles,2,0.0015013531215117837
R3,cpython3147,create_gc_cycles,3,0.001481171095292666
R3,cpython3147,create_gc_cycles,4,0.0014655257823505963
R3,cpython3147,create_gc_cycles,5,0.0015680507849538117
R3,cpython3147,create_gc_cycles,6,0.0014913609375071246
R3,cpython3147,create_gc_cycles,7,0.0014873351551614178
R3,cpython3147,create_gc_cycles,8,0.0014708562466694275
R3,cpython3147,create_gc_cycles,9,0.001638939842905529
R3,cpython3147,create_gc_cycles,10,0.001471073438096937
R3,cpython3147,create_gc_cycles,11,0.0015125445338526333
R3,cpython3147,create_gc_cycles,12,0.001530772654859902
R3,cpython3147,create_gc_cycles,13,0.0015174218738138734
R3,cpython3147,create_gc_cycles,14,0.0014555835932696937
R3,cpython3147,create_gc_cycles,15,0.0015259023425642226
R3,cpython3147,create_gc_cycles,16,0.001433300001281168
R3,cpython3147,create_gc_cycles,17,0.001568748437875911
R3,cpython3147,create_gc_cycles,18,0.0014561656225851038
R3,cpython3147,create_gc_cycles,19,0.0017231109404747258
R3,cpython3147,create_gc_cycles,20,0.0015835210929253662
R3,cpython3147,gc_traversal,1,0.002478557813446969
R3,cpython3147,gc_traversal,2,0.0023545937501694425
R3,cpython3147,gc_traversal,3,0.00234555312727025
R3,cpython3147,gc_traversal,4,0.0023189953126347973
R3,cpython3147,gc_traversal,5,0.0023308140589506365
R3,cpython3147,gc_traversal,6,0.002326957808691077
R3,cpython3147,gc_traversal,7,0.0024285156241603545
R3,cpython3147,gc_traversal,8,0.0023582687472298858
R3,cpython3147,gc_traversal,9,0.0023881124989202362
R3,cpython3147,gc_traversal,10,0.002443834371661069
R3,cpython3147,gc_traversal,11,0.002319589063517924
R3,cpython3147,gc_traversal,12,0.002264054685838346
R3,cpython3147,gc_traversal,13,0.0023316609349421924
R3,cpython3147,gc_traversal,14,0.0023924859324324643
R3,cpython3147,gc_traversal,15,0.002428467187201022
R3,cpython3147,gc_traversal,16,0.002356699998017575
R3,cpython3147,gc_traversal,17,0.002191156245316961
R3,cpython3147,gc_traversal,18,0.0023933624997880543
R3,cpython3147,gc_traversal,19,0.002116209382620582
R3,cpython3147,gc_traversal,20,0.0021032015602031606
R3,xlang3,create_gc_cycles,1,0.0034216468666272704
R3,xlang3,create_gc_cycles,2,0.0033689499978208914
R3,xlang3,create_gc_cycles,3,0.00313780936630792
R3,xlang3,create_gc_cycles,4,0.003477074995316798
R3,xlang3,create_gc_cycles,5,0.0032203062528424198
R3,xlang3,create_gc_cycles,6,0.0031629062541469466
R3,xlang3,create_gc_cycles,7,0.0031673531302658375
R3,xlang3,create_gc_cycles,8,0.003091050000875839
R3,xlang3,create_gc_cycles,9,0.0034813156289601466
R3,xlang3,create_gc_cycles,10,0.003193190623278497
R3,xlang3,create_gc_cycles,11,0.003325171877804678
R3,xlang3,create_gc_cycles,12,0.0034645750038180267
R3,xlang3,create_gc_cycles,13,0.003147025001453585
R3,xlang3,create_gc_cycles,14,0.0033963687492359895
R3,xlang3,create_gc_cycles,15,0.00321863750286866
R3,xlang3,create_gc_cycles,16,0.0031762437556608347
R3,xlang3,create_gc_cycles,17,0.003146134378766874
R3,xlang3,create_gc_cycles,18,0.003192900001522503
R3,xlang3,create_gc_cycles,19,0.0034847906263166806
R3,xlang3,create_gc_cycles,20,0.003748659375560237
R3,xlang3,gc_traversal,1,0.004157459383350215
R3,xlang3,gc_traversal,2,0.0042393187522975495
R3,xlang3,gc_traversal,3,0.0041006312476383755
R3,xlang3,gc_traversal,4,0.00395532812399324
R3,xlang3,gc_traversal,5,0.004146234368818114
R3,xlang3,gc_traversal,6,0.003959887497330783
R3,xlang3,gc_traversal,7,0.004308334373490652
R3,xlang3,gc_traversal,8,0.0040155218721338315
R3,xlang3,gc_traversal,9,0.004541503123618895
R3,xlang3,gc_traversal,10,0.004082959379957174
R3,xlang3,gc_traversal,11,0.0042488937433518
R3,xlang3,gc_traversal,12,0.00448443124514597
R3,xlang3,gc_traversal,13,0.003931881252356106
R3,xlang3,gc_traversal,14,0.004325343754317146
R3,xlang3,gc_traversal,15,0.0042262968763679964
R3,xlang3,gc_traversal,16,0.0039538437504234025
R3,xlang3,gc_traversal,17,0.003967378119341447
R3,xlang3,gc_traversal,18,0.0041135343726637075
R3,xlang3,gc_traversal,19,0.004127081258047838
R3,xlang3,gc_traversal,20,0.003965353125749971
R4,cpython3147,create_gc_cycles,1,0.0015969328151186346
R4,cpython3147,create_gc_cycles,2,0.0015313765643441002
R4,cpython3147,create_gc_cycles,3,0.001551350000227103
R4,cpython3147,create_gc_cycles,4,0.0014810218754064408
R4,cpython3147,create_gc_cycles,5,0.0015588156247758889
R4,cpython3147,create_gc_cycles,6,0.0014671203125544707
R4,cpython3147,create_gc_cycles,7,0.001450231250601064
R4,cpython3147,create_gc_cycles,8,0.0014582296871594735
R4,cpython3147,create_gc_cycles,9,0.0014554671852238243
R4,cpython3147,create_gc_cycles,10,0.001440379691302951
R4,cpython3147,create_gc_cycles,11,0.0014565031215170166
R4,cpython3147,create_gc_cycles,12,0.0014969999974709935
R4,cpython3147,create_gc_cycles,13,0.0015169640619205893
R4,cpython3147,create_gc_cycles,14,0.0014462234403254115
R4,cpython3147,create_gc_cycles,15,0.0014941874987925985
R4,cpython3147,create_gc_cycles,16,0.0015893093768681865
R4,cpython3147,create_gc_cycles,17,0.0014759953119209968
R4,cpython3147,create_gc_cycles,18,0.0015096374982022098
R4,cpython3147,create_gc_cycles,19,0.0014621750024161884
R4,cpython3147,create_gc_cycles,20,0.001559999997880368
R4,cpython3147,gc_traversal,1,0.0022100906244304497
R4,cpython3147,gc_traversal,2,0.002174815624130133
R4,cpython3147,gc_traversal,3,0.0022772484371671453
R4,cpython3147,gc_traversal,4,0.0022611046852034633
R4,cpython3147,gc_traversal,5,0.0024529734428142547
R4,cpython3147,gc_traversal,6,0.002393757810750685
R4,cpython3147,gc_traversal,7,0.002529907812458987
R4,cpython3147,gc_traversal,8,0.0029973890668770764
R4,cpython3147,gc_traversal,9,0.0025862234379019355
R4,cpython3147,gc_traversal,10,0.002396562500507571
R4,cpython3147,gc_traversal,11,0.0021862468729523243
R4,cpython3147,gc_traversal,12,0.002236432813333522
R4,cpython3147,gc_traversal,13,0.002406821879958443
R4,cpython3147,gc_traversal,14,0.002258887495372619
R4,cpython3147,gc_traversal,15,0.0022768671815356356
R4,cpython3147,gc_traversal,16,0.002306742183463939
R4,cpython3147,gc_traversal,17,0.002140948436135659
R4,cpython3147,gc_traversal,18,0.00210656249873864
R4,cpython3147,gc_traversal,19,0.0022378249996108934
R4,cpython3147,gc_traversal,20,0.0021879796868233825
R4,xlang3,create_gc_cycles,1,0.003020059368282091
R4,xlang3,create_gc_cycles,2,0.003136795313366747
R4,xlang3,create_gc_cycles,3,0.0030803046884102514
R4,xlang3,create_gc_cycles,4,0.0030730796888747136
R4,xlang3,create_gc_cycles,5,0.003187103123309498
R4,xlang3,create_gc_cycles,6,0.002936345302259724
R4,xlang3,create_gc_cycles,7,0.002906693745899247
R4,xlang3,create_gc_cycles,8,0.002928425000391144
R4,xlang3,create_gc_cycles,9,0.0029944671850898885
R4,xlang3,create_gc_cycles,10,0.0032304359374393243
R4,xlang3,create_gc_cycles,11,0.0031139296934270533
R4,xlang3,create_gc_cycles,12,0.002983429685627925
R4,xlang3,create_gc_cycles,13,0.0030901421860107803
R4,xlang3,create_gc_cycles,14,0.0030719640617462574
R4,xlang3,create_gc_cycles,15,0.0029433234376483597
R4,xlang3,create_gc_cycles,16,0.0031736187484057155
R4,xlang3,create_gc_cycles,17,0.00308085781216505
R4,xlang3,create_gc_cycles,18,0.0030067046891417704
R4,xlang3,create_gc_cycles,19,0.0031146906285357545
R4,xlang3,create_gc_cycles,20,0.0029403624957922148
R4,xlang3,gc_traversal,1,0.002996951562636241
R4,xlang3,gc_traversal,2,0.0029507234366974444
R4,xlang3,gc_traversal,3,0.0030139734353724634
R4,xlang3,gc_traversal,4,0.002964985935250297
R4,xlang3,gc_traversal,5,0.0029888562530686613
R4,xlang3,gc_traversal,6,0.0031628265660401667
R4,xlang3,gc_traversal,7,0.0030333749991768855
R4,xlang3,gc_traversal,8,0.003342359374073567
R4,xlang3,gc_traversal,9,0.00311432812759449
R4,xlang3,gc_traversal,10,0.0031797812471268116
R4,xlang3,gc_traversal,11,0.003280609367720899
R4,xlang3,gc_traversal,12,0.003114981245744275
R4,xlang3,gc_traversal,13,0.0033601578152229195
R4,xlang3,gc_traversal,14,0.003259453121245315
R4,xlang3,gc_traversal,15,0.0032776781226857565
R4,xlang3,gc_traversal,16,0.003057675002310134
R4,xlang3,gc_traversal,17,0.003017867187736556
R4,xlang3,gc_traversal,18,0.0030175749998306856
R4,xlang3,gc_traversal,19,0.003033067190699512
R4,xlang3,gc_traversal,20,0.0033354124980178312
R5b,cpython3147,create_gc_cycles,1,0.0016942507813837437
R5b,cpython3147,create_gc_cycles,2,0.0017136804690380814
R5b,cpython3147,create_gc_cycles,3,0.0016573820321355015
R5b,cpython3147,create_gc_cycles,4,0.0016712031247152481
R5b,cpython3147,create_gc_cycles,5,0.0015314921906792733
R5b,cpython3147,create_gc_cycles,6,0.0015746140620649385
R5b,cpython3147,create_gc_cycles,7,0.0014544765626851586
R5b,cpython3147,create_gc_cycles,8,0.0016779718748693995
R5b,cpython3147,create_gc_cycles,9,0.0015483804718314786
R5b,cpython3147,create_gc_cycles,10,0.001619421093892015
R5b,cpython3147,create_gc_cycles,11,0.0014821398435742594
R5b,cpython3147,create_gc_cycles,12,0.0015640640622223145
R5b,cpython3147,create_gc_cycles,13,0.0014679117202831549
R5b,cpython3147,create_gc_cycles,14,0.0016834406246744038
R5b,cpython3147,create_gc_cycles,15,0.0015065335956023773
R5b,cpython3147,create_gc_cycles,16,0.0015359523431470734
R5b,cpython3147,create_gc_cycles,17,0.0014500773454528826
R5b,cpython3147,create_gc_cycles,18,0.0014389343764378282
R5b,cpython3147,create_gc_cycles,19,0.0015865515624682303
R5b,cpython3147,create_gc_cycles,20,0.0016074281265900936
R5b,cpython3147,gc_traversal,1,0.002139451565199124
R5b,cpython3147,gc_traversal,2,0.0021064203128844383
R5b,cpython3147,gc_traversal,3,0.002400134376330243
R5b,cpython3147,gc_traversal,4,0.0027210953130634152
R5b,cpython3147,gc_traversal,5,0.0023222828131110873
R5b,cpython3147,gc_traversal,6,0.002428603121188644
R5b,cpython3147,gc_traversal,7,0.002344043756238534
R5b,cpython3147,gc_traversal,8,0.0024696515674804687
R5b,cpython3147,gc_traversal,9,0.0027601031224548933
R5b,cpython3147,gc_traversal,10,0.002749618748566718
R5b,cpython3147,gc_traversal,11,0.0028008421850245213
R5b,cpython3147,gc_traversal,12,0.002712168750804267
R5b,cpython3147,gc_traversal,13,0.0024284359396915534
R5b,cpython3147,gc_traversal,14,0.002327342186617898
R5b,cpython3147,gc_traversal,15,0.002585567189271387
R5b,cpython3147,gc_traversal,16,0.0030331171892612474
R5b,cpython3147,gc_traversal,17,0.0035868437471435755
R5b,cpython3147,gc_traversal,18,0.0028237046872163774
R5b,cpython3147,gc_traversal,19,0.0024813921854729415
R5b,cpython3147,gc_traversal,20,0.002495645312592387
R5b,xlang3,create_gc_cycles,1,0.0036316218775027664
R5b,xlang3,create_gc_cycles,2,0.0034502937487559393
R5b,xlang3,create_gc_cycles,3,0.0032442406209156616
R5b,xlang3,create_gc_cycles,4,0.003472512506050407
R5b,xlang3,create_gc_cycles,5,0.003152353123368812
R5b,xlang3,create_gc_cycles,6,0.0031525468730251305
R5b,xlang3,create_gc_cycles,7,0.003654109381386661
R5b,xlang3,create_gc_cycles,8,0.0032089343712868867
R5b,xlang3,create_gc_cycles,9,0.003304106245195726
R5b,xlang3,create_gc_cycles,10,0.0030609437544626417
R5b,xlang3,create_gc_cycles,11,0.0032296406279783696
R5b,xlang3,create_gc_cycles,12,0.0033601312552491436
R5b,xlang3,create_gc_cycles,13,0.0031202249956550077
R5b,xlang3,create_gc_cycles,14,0.0031003718759166077
R5b,xlang3,create_gc_cycles,15,0.0030938312447688077
R5b,xlang3,create_gc_cycles,16,0.003181971871526912
R5b,xlang3,create_gc_cycles,17,0.0032430499959446024
R5b,xlang3,create_gc_cycles,18,0.0031407500046043424
R5b,xlang3,create_gc_cycles,19,0.0033862249983940274
R5b,xlang3,create_gc_cycles,20,0.003347078127262648
R5b,xlang3,gc_traversal,1,0.002594848436274333
R5b,xlang3,gc_traversal,2,0.0026078265655087307
R5b,xlang3,gc_traversal,3,0.002929937505541602
R5b,xlang3,gc_traversal,4,0.002654256247296871
R5b,xlang3,gc_traversal,5,0.0027114453114336357
R5b,xlang3,gc_traversal,6,0.002736990624725877
R5b,xlang3,gc_traversal,7,0.002919067188486224
R5b,xlang3,gc_traversal,8,0.0030987374957476277
R5b,xlang3,gc_traversal,9,0.002636042188896681
R5b,xlang3,gc_traversal,10,0.002844271873073012
R5b,xlang3,gc_traversal,11,0.0026417781209602254
R5b,xlang3,gc_traversal,12,0.0028002234330415376
R5b,xlang3,gc_traversal,13,0.0033157968737214105
R5b,xlang3,gc_traversal,14,0.0030991343737696297
R5b,xlang3,gc_traversal,15,0.002846771873009857
R5b,xlang3,gc_traversal,16,0.003002965628184029
R5b,xlang3,gc_traversal,17,0.002763734380096139
R5b,xlang3,gc_traversal,18,0.002853582814168476
R5b,xlang3,gc_traversal,19,0.002865092184038076
R5b,xlang3,gc_traversal,20,0.0027980468757959898
R6,cpython3147,create_gc_cycles,1,0.0015996906249711174
R6,cpython3147,create_gc_cycles,2,0.001547759372897417
R6,cpython3147,create_gc_cycles,3,0.0015266562522811
R6,cpython3147,create_gc_cycles,4,0.00152042265426644
R6,cpython3147,create_gc_cycles,5,0.0014804406246184953
R6,cpython3147,create_gc_cycles,6,0.001590286717600975
R6,cpython3147,create_gc_cycles,7,0.0015525164058090013
R6,cpython3147,create_gc_cycles,8,0.0016124359408422606
R6,cpython3147,create_gc_cycles,9,0.0015249914063133474
R6,cpython3147,create_gc_cycles,10,0.0017029437490236887
R6,cpython3147,create_gc_cycles,11,0.0015036539061838994
R6,cpython3147,create_gc_cycles,12,0.001519632034614915
R6,cpython3147,create_gc_cycles,13,0.0017413976561329036
R6,cpython3147,create_gc_cycles,14,0.0019920218765037134
R6,cpython3147,create_gc_cycles,15,0.001505145314240508
R6,cpython3147,create_gc_cycles,16,0.0015514085939685174
R6,cpython3147,create_gc_cycles,17,0.0015203585899143945
R6,cpython3147,create_gc_cycles,18,0.0015715484414613456
R6,cpython3147,create_gc_cycles,19,0.001559196874495683
R6,cpython3147,create_gc_cycles,20,0.0017077359334507491
R6,cpython3147,gc_traversal,1,0.002380134375016496
R6,cpython3147,gc_traversal,2,0.00260322343910957
R6,cpython3147,gc_traversal,3,0.0022101203076090314
R6,cpython3147,gc_traversal,4,0.0022455296866610297
R6,cpython3147,gc_traversal,5,0.0022762546868762
R6,cpython3147,gc_traversal,6,0.0021584046862699324
R6,cpython3147,gc_traversal,7,0.0029653734345629346
R6,cpython3147,gc_traversal,8,0.0027742734346247744
R6,cpython3147,gc_traversal,9,0.0023256499971466837
R6,cpython3147,gc_traversal,10,0.002786298438877566
R6,cpython3147,gc_traversal,11,0.002163707804356818
R6,cpython3147,gc_traversal,12,0.0022642499980065622
R6,cpython3147,gc_traversal,13,0.0023107296892703744
R6,cpython3147,gc_traversal,14,0.002228790622211818
R6,cpython3147,gc_traversal,15,0.0024109734322337317
R6,cpython3147,gc_traversal,16,0.0023672484430790064
R6,cpython3147,gc_traversal,17,0.002759870311820123
R6,cpython3147,gc_traversal,18,0.0023458046816813294
R6,cpython3147,gc_traversal,19,0.0023071906271070475
R6,cpython3147,gc_traversal,20,0.0022377031245923718
R6,xlang3,create_gc_cycles,1,0.0025969296884795767
R6,xlang3,create_gc_cycles,2,0.0027956125059063197
R6,xlang3,create_gc_cycles,3,0.0026003859438787913
R6,xlang3,create_gc_cycles,4,0.0025861531212285627
R6,xlang3,create_gc_cycles,5,0.0028033859425704577
R6,xlang3,create_gc_cycles,6,0.0024883046880859183
R6,xlang3,create_gc_cycles,7,0.0025482265646132873
R6,xlang3,create_gc_cycles,8,0.0025370640632900177
R6,xlang3,create_gc_cycles,9,0.0025643640638008947
R6,xlang3,create_gc_cycles,10,0.0025139343742921483
R6,xlang3,create_gc_cycles,11,0.002581585935331532
R6,xlang3,create_gc_cycles,12,0.00293185781356442
R6,xlang3,create_gc_cycles,13,0.0033767796885513235
R6,xlang3,create_gc_cycles,14,0.002952957813249668
R6,xlang3,create_gc_cycles,15,0.0027281140619379585
R6,xlang3,create_gc_cycles,16,0.0025205125039065024
R6,xlang3,create_gc_cycles,17,0.0031475718760702875
R6,xlang3,create_gc_cycles,18,0.003294935940175492
R6,xlang3,create_gc_cycles,19,0.0025447281241213204
R6,xlang3,create_gc_cycles,20,0.00261071718432504
R6,xlang3,gc_traversal,1,0.0023723468721073004
R6,xlang3,gc_traversal,2,0.002336832811124623
R6,xlang3,gc_traversal,3,0.002408635939900705
R6,xlang3,gc_traversal,4,0.002312337502189621
R6,xlang3,gc_traversal,5,0.002428071873509907
R6,xlang3,gc_traversal,6,0.0023311546883633127
R6,xlang3,gc_traversal,7,0.002536462501666392
R6,xlang3,gc_traversal,8,0.002347984377593093
R6,xlang3,gc_traversal,9,0.002678764062693517
R6,xlang3,gc_traversal,10,0.002414479694380134
R6,xlang3,gc_traversal,11,0.0027276812497802894
R6,xlang3,gc_traversal,12,0.0024023265614232514
R6,xlang3,gc_traversal,13,0.002631814060805482
R6,xlang3,gc_traversal,14,0.002478884378433577
R6,xlang3,gc_traversal,15,0.003067414068027574
R6,xlang3,gc_traversal,16,0.0028160515621493687
R6,xlang3,gc_traversal,17,0.002576690629211953
R6,xlang3,gc_traversal,18,0.002439748436700029
R6,xlang3,gc_traversal,19,0.0025541546838212525
R6,xlang3,gc_traversal,20,0.0025913000017681043
R7b,cpython3147,create_gc_cycles,1,0.0015086132816577447
R7b,cpython3147,create_gc_cycles,2,0.0017368718768011604
R7b,cpython3147,create_gc_cycles,3,0.0014834007779427338
R7b,cpython3147,create_gc_cycles,4,0.0015510484404330782
R7b,cpython3147,create_gc_cycles,5,0.0014477257809630828
R7b,cpython3147,create_gc_cycles,6,0.001511261716586887
R7b,cpython3147,create_gc_cycles,7,0.002256570315694262
R7b,cpython3147,create_gc_cycles,8,0.0015529851598330424
R7b,cpython3147,create_gc_cycles,9,0.0015154039087974525
R7b,cpython3147,create_gc_cycles,10,0.0017448734383833653
R7b,cpython3147,create_gc_cycles,11,0.001473649999297777
R7b,cpython3147,create_gc_cycles,12,0.0015620398453393136
R7b,cpython3147,create_gc_cycles,13,0.0016543812489544507
R7b,cpython3147,create_gc_cycles,14,0.0016615484432804806
R7b,cpython3147,create_gc_cycles,15,0.001545964843899128
R7b,cpython3147,create_gc_cycles,16,0.0015620320345988148
R7b,cpython3147,create_gc_cycles,17,0.0014619617240896332
R7b,cpython3147,create_gc_cycles,18,0.0014817765641055303
R7b,cpython3147,create_gc_cycles,19,0.0015375765642602346
R7b,cpython3147,create_gc_cycles,20,0.0014529835934808943
R7b,cpython3147,gc_traversal,1,0.0022295828130154405
R7b,cpython3147,gc_traversal,2,0.002354103125981055
R7b,cpython3147,gc_traversal,3,0.002341912499105092
R7b,cpython3147,gc_traversal,4,0.002209196874900954
R7b,cpython3147,gc_traversal,5,0.0022476437497971347
R7b,cpython3147,gc_traversal,6,0.002511923433303309
R7b,cpython3147,gc_traversal,7,0.0023157109344538185
R7b,cpython3147,gc_traversal,8,0.0022952171884753625
R7b,cpython3147,gc_traversal,9,0.0022176249976837425
R7b,cpython3147,gc_traversal,10,0.002587306244095089
R7b,cpython3147,gc_traversal,11,0.0025077843747567385
R7b,cpython3147,gc_traversal,12,0.002580449999186385
R7b,cpython3147,gc_traversal,13,0.0022245296840992523
R7b,cpython3147,gc_traversal,14,0.002355476562115655
R7b,cpython3147,gc_traversal,15,0.002256403126011719
R7b,cpython3147,gc_traversal,16,0.002124970308614138
R7b,cpython3147,gc_traversal,17,0.0026044750047731213
R7b,cpython3147,gc_traversal,18,0.0023636374962734408
R7b,cpython3147,gc_traversal,19,0.002275210931657057
R7b,cpython3147,gc_traversal,20,0.0023647875013921293
R7b,xlang3,create_gc_cycles,1,0.0020838390628341585
R7b,xlang3,create_gc_cycles,2,0.0019839078131553833
R7b,xlang3,create_gc_cycles,3,0.0019738999999390217
R7b,xlang3,create_gc_cycles,4,0.001988893750421994
R7b,xlang3,create_gc_cycles,5,0.001966218747838866
R7b,xlang3,create_gc_cycles,6,0.0021431671893878956
R7b,xlang3,create_gc_cycles,7,0.0019359109337528935
R7b,xlang3,create_gc_cycles,8,0.0024942093741628923
R7b,xlang3,create_gc_cycles,9,0.0019315093750265078
R7b,xlang3,create_gc_cycles,10,0.0024172500015993137
R7b,xlang3,create_gc_cycles,11,0.0022239718773562345
R7b,xlang3,create_gc_cycles,12,0.0024111124948831275
R7b,xlang3,create_gc_cycles,13,0.002111415621584456
R7b,xlang3,create_gc_cycles,14,0.0019675484400067944
R7b,xlang3,create_gc_cycles,15,0.002084846877551172
R7b,xlang3,create_gc_cycles,16,0.002056957808235893
R7b,xlang3,create_gc_cycles,17,0.002166642189877166
R7b,xlang3,create_gc_cycles,18,0.0019978156251454493
R7b,xlang3,create_gc_cycles,19,0.0022510171838803217
R7b,xlang3,create_gc_cycles,20,0.0021647390622092644
R7b,xlang3,gc_traversal,1,0.0018189265583714587
R7b,xlang3,gc_traversal,2,0.0018119250034942525
R7b,xlang3,gc_traversal,3,0.0018861859316530172
R7b,xlang3,gc_traversal,4,0.001903529684568639
R7b,xlang3,gc_traversal,5,0.0022019140615157085
R7b,xlang3,gc_traversal,6,0.002103617190186924
R7b,xlang3,gc_traversal,7,0.0023001140643827966
R7b,xlang3,gc_traversal,8,0.002047673436209152
R7b,xlang3,gc_traversal,9,0.0020301937520343927
R7b,xlang3,gc_traversal,10,0.001845243752541137
R7b,xlang3,gc_traversal,11,0.0020110703126192675
R7b,xlang3,gc_traversal,12,0.0020711390579890576
R7b,xlang3,gc_traversal,13,0.0018771218756228336
R7b,xlang3,gc_traversal,14,0.0020642640556616243
R7b,xlang3,gc_traversal,15,0.0020085546848349622
R7b,xlang3,gc_traversal,16,0.0018820828163370606
R7b,xlang3,gc_traversal,17,0.0018515843785280595
R7b,xlang3,gc_traversal,18,0.0018436453137837816
R7b,xlang3,gc_traversal,19,0.0019612437581599806
R7b,xlang3,gc_traversal,20,0.0018783578143484192
