version,process,group,phase,elapsed_nanoseconds,count
R4,traversal-1,collect,specialized,1630000,0
R4,traversal-1,plain,lock,300,0
R4,traversal-1,plain,snapshot,52200,3270
R4,traversal-1,plain,nodes,172600,2036
R4,traversal-1,plain,owning_edges,1062800,0
R4,traversal-1,plain,unsafe_propagation,9200,0
R4,traversal-1,plain,root_counts,11500,971
R4,traversal-1,plain,reachability,8200,0
R4,traversal-1,plain,retirement_count,700,0
R4,traversal-1,plain,retirement,1300,0
R4,traversal-1,plain,graph_teardown,53500,0
R4,traversal-1,plain,snapshot_release,20300,0
R4,traversal-1,collect,plain_total,1426900,0
R4,traversal-1,collect,specialized,1392900,0
R4,traversal-1,plain,lock,200,0
R4,traversal-1,plain,snapshot,31400,3270
R4,traversal-1,plain,nodes,90900,2036
R4,traversal-1,plain,owning_edges,1145200,0
R4,traversal-1,plain,unsafe_propagation,7600,0
R4,traversal-1,plain,root_counts,8700,971
R4,traversal-1,plain,reachability,10800,0
R4,traversal-1,plain,retirement_count,600,0
R4,traversal-1,plain,retirement,800,0
R4,traversal-1,plain,graph_teardown,59200,0
R4,traversal-1,plain,snapshot_release,20900,0
R4,traversal-1,collect,plain_total,1541000,0
R4,traversal-1,collect,specialized,1444000,0
R4,traversal-1,plain,lock,300,0
R4,traversal-1,plain,snapshot,31500,3270
R4,traversal-1,plain,nodes,81300,2036
R4,traversal-1,plain,owning_edges,918500,0
R4,traversal-1,plain,unsafe_propagation,5100,0
R4,traversal-1,plain,root_counts,7300,971
R4,traversal-1,plain,reachability,7200,0
R4,traversal-1,plain,retirement_count,1400,0
R4,traversal-1,plain,retirement,700,0
R4,traversal-1,plain,graph_teardown,49700,0
R4,traversal-1,plain,snapshot_release,18000,0
R4,traversal-1,collect,plain_total,1200400,0
R4,traversal-1,collect,specialized,1313400,0
R4,traversal-1,plain,lock,200,0
R4,traversal-1,plain,snapshot,27500,3270
R4,traversal-1,plain,nodes,103600,2036
R4,traversal-1,plain,owning_edges,1022900,0
R4,traversal-1,plain,unsafe_propagation,5100,0
R4,traversal-1,plain,root_counts,5900,971
R4,traversal-1,plain,reachability,9300,0
R4,traversal-1,plain,retirement_count,600,0
R4,traversal-1,plain,retirement,700,0
R4,traversal-1,plain,graph_teardown,51500,0
R4,traversal-1,plain,snapshot_release,16600,0
R4,traversal-1,collect,plain_total,3554400,0
R4,traversal-2,collect,specialized,1442100,0
R4,traversal-2,plain,lock,400,0
R4,traversal-2,plain,snapshot,55500,3270
R4,traversal-2,plain,nodes,176900,2036
R4,traversal-2,plain,owning_edges,1002100,0
R4,traversal-2,plain,unsafe_propagation,11000,0
R4,traversal-2,plain,root_counts,11400,971
R4,traversal-2,plain,reachability,9300,0
R4,traversal-2,plain,retirement_count,600,0
R4,traversal-2,plain,retirement,800,0
R4,traversal-2,plain,graph_teardown,49700,0
R4,traversal-2,plain,snapshot_release,21200,0
R4,traversal-2,collect,plain_total,1374900,0
R4,traversal-2,collect,specialized,1592500,0
R4,traversal-2,plain,lock,400,0
R4,traversal-2,plain,snapshot,38400,3270
R4,traversal-2,plain,nodes,91800,2036
R4,traversal-2,plain,owning_edges,1500400,0
R4,traversal-2,plain,unsafe_propagation,14400,0
R4,traversal-2,plain,root_counts,17900,971
R4,traversal-2,plain,reachability,11700,0
R4,traversal-2,plain,retirement_count,1200,0
R4,traversal-2,plain,retirement,1600,0
R4,traversal-2,plain,graph_teardown,86100,0
R4,traversal-2,plain,snapshot_release,46000,0
R4,traversal-2,collect,plain_total,1953400,0
R4,traversal-2,collect,specialized,2089800,0
R4,traversal-2,plain,lock,400,0
R4,traversal-2,plain,snapshot,69500,3270
R4,traversal-2,plain,nodes,136300,2036
R4,traversal-2,plain,owning_edges,1021900,0
R4,traversal-2,plain,unsafe_propagation,8400,0
R4,traversal-2,plain,root_counts,11000,971
R4,traversal-2,plain,reachability,9700,0
R4,traversal-2,plain,retirement_count,700,0
R4,traversal-2,plain,retirement,1000,0
R4,traversal-2,plain,graph_teardown,53600,0
R4,traversal-2,plain,snapshot_release,24000,0
R4,traversal-2,collect,plain_total,1543500,0
R4,traversal-2,collect,specialized,1353100,0
R4,traversal-2,plain,lock,200,0
R4,traversal-2,plain,snapshot,36500,3270
R4,traversal-2,plain,nodes,86600,2036
R4,traversal-2,plain,owning_edges,1032800,0
R4,traversal-2,plain,unsafe_propagation,7600,0
R4,traversal-2,plain,root_counts,8600,971
R4,traversal-2,plain,reachability,13900,0
R4,traversal-2,plain,retirement_count,1800,0
R4,traversal-2,plain,retirement,900,0
R4,traversal-2,plain,graph_teardown,65600,0
R4,traversal-2,plain,snapshot_release,27600,0
R4,traversal-2,collect,plain_total,3852800,0
R4,traversal-3,collect,specialized,2297200,0
R4,traversal-3,plain,lock,700,0
R4,traversal-3,plain,snapshot,98400,3270
R4,traversal-3,plain,nodes,314400,2036
R4,traversal-3,plain,owning_edges,1711000,0
R4,traversal-3,plain,unsafe_propagation,18200,0
R4,traversal-3,plain,root_counts,25000,971
R4,traversal-3,plain,reachability,14900,0
R4,traversal-3,plain,retirement_count,1000,0
R4,traversal-3,plain,retirement,1300,0
R4,traversal-3,plain,graph_teardown,97000,0
R4,traversal-3,plain,snapshot_release,52600,0
R4,traversal-3,collect,plain_total,2408400,0
R4,traversal-3,collect,specialized,1971800,0
R4,traversal-3,plain,lock,700,0
R4,traversal-3,plain,snapshot,50800,3270
R4,traversal-3,plain,nodes,120300,2036
R4,traversal-3,plain,owning_edges,1152000,0
R4,traversal-3,plain,unsafe_propagation,10200,0
R4,traversal-3,plain,root_counts,21300,971
R4,traversal-3,plain,reachability,12500,0
R4,traversal-3,plain,retirement_count,1000,0
R4,traversal-3,plain,retirement,1500,0
R4,traversal-3,plain,graph_teardown,94600,0
R4,traversal-3,plain,snapshot_release,32100,0
R4,traversal-3,collect,plain_total,1705600,0
R4,traversal-3,collect,specialized,1802200,0
R4,traversal-3,plain,lock,400,0
R4,traversal-3,plain,snapshot,49800,3270
R4,traversal-3,plain,nodes,101000,2036
R4,traversal-3,plain,owning_edges,1073300,0
R4,traversal-3,plain,unsafe_propagation,7800,0
R4,traversal-3,plain,root_counts,15100,971
R4,traversal-3,plain,reachability,15200,0
R4,traversal-3,plain,retirement_count,1600,0
R4,traversal-3,plain,retirement,1100,0
R4,traversal-3,plain,graph_teardown,87100,0
R4,traversal-3,plain,snapshot_release,53300,0
R4,traversal-3,collect,plain_total,1803700,0
R4,traversal-3,collect,specialized,2516300,0
R4,traversal-3,plain,lock,600,0
R4,traversal-3,plain,snapshot,49300,3270
R4,traversal-3,plain,nodes,159800,2036
R4,traversal-3,plain,owning_edges,1213700,0
R4,traversal-3,plain,unsafe_propagation,7700,0
R4,traversal-3,plain,root_counts,11400,971
R4,traversal-3,plain,reachability,10200,0
R4,traversal-3,plain,retirement_count,700,0
R4,traversal-3,plain,retirement,1500,0
R4,traversal-3,plain,graph_teardown,58400,0
R4,traversal-3,plain,snapshot_release,25200,0
R4,traversal-3,collect,plain_total,1589100,0
R4,traversal-4,collect,specialized,1705000,0
R4,traversal-4,plain,lock,400,0
R4,traversal-4,plain,snapshot,60700,3270
R4,traversal-4,plain,nodes,156700,2036
R4,traversal-4,plain,owning_edges,962700,0
R4,traversal-4,plain,unsafe_propagation,9200,0
R4,traversal-4,plain,root_counts,8300,971
R4,traversal-4,plain,reachability,8300,0
R4,traversal-4,plain,retirement_count,800,0
R4,traversal-4,plain,retirement,700,0
R4,traversal-4,plain,graph_teardown,49900,0
R4,traversal-4,plain,snapshot_release,19000,0
R4,traversal-4,collect,plain_total,1309800,0
R4,traversal-4,collect,specialized,1310900,0
R4,traversal-4,plain,lock,100,0
R4,traversal-4,plain,snapshot,28800,3270
R4,traversal-4,plain,nodes,78700,2036
R4,traversal-4,plain,owning_edges,898900,0
R4,traversal-4,plain,unsafe_propagation,4600,0
R4,traversal-4,plain,root_counts,5800,971
R4,traversal-4,plain,reachability,7100,0
R4,traversal-4,plain,retirement_count,800,0
R4,traversal-4,plain,retirement,700,0
R4,traversal-4,plain,graph_teardown,47600,0
R4,traversal-4,plain,snapshot_release,16200,0
R4,traversal-4,collect,plain_total,1180200,0
R4,traversal-4,collect,specialized,1236200,0
R4,traversal-4,plain,lock,100,0
R4,traversal-4,plain,snapshot,27300,3270
R4,traversal-4,plain,nodes,76100,2036
R4,traversal-4,plain,owning_edges,896800,0
R4,traversal-4,plain,unsafe_propagation,4700,0
R4,traversal-4,plain,root_counts,5900,971
R4,traversal-4,plain,reachability,6900,0
R4,traversal-4,plain,retirement_count,1000,0
R4,traversal-4,plain,retirement,800,0
R4,traversal-4,plain,graph_teardown,46400,0
R4,traversal-4,plain,snapshot_release,16400,0
R4,traversal-4,collect,plain_total,1182200,0
R4,traversal-4,collect,specialized,1241400,0
R4,traversal-4,plain,lock,100,0
R4,traversal-4,plain,snapshot,27000,3270
R4,traversal-4,plain,nodes,88800,2036
R4,traversal-4,plain,owning_edges,890500,0
R4,traversal-4,plain,unsafe_propagation,5200,0
R4,traversal-4,plain,root_counts,7500,971
R4,traversal-4,plain,reachability,7100,0
R4,traversal-4,plain,retirement_count,800,0
R4,traversal-4,plain,retirement,2100,0
R4,traversal-4,plain,graph_teardown,49900,0
R4,traversal-4,plain,snapshot_release,22600,0
R4,traversal-4,collect,plain_total,1290000,0
R4,traversal-5,collect,specialized,1371100,0
R4,traversal-5,plain,lock,400,0
R4,traversal-5,plain,snapshot,47600,3270
R4,traversal-5,plain,nodes,151000,2036
R4,traversal-5,plain,owning_edges,952800,0
R4,traversal-5,plain,unsafe_propagation,7100,0
R4,traversal-5,plain,root_counts,10000,971
R4,traversal-5,plain,reachability,7900,0
R4,traversal-5,plain,retirement_count,1500,0
R4,traversal-5,plain,retirement,1800,0
R4,traversal-5,plain,graph_teardown,46800,0
R4,traversal-5,plain,snapshot_release,26400,0
R4,traversal-5,collect,plain_total,1284300,0
R4,traversal-5,collect,specialized,1199900,0
R4,traversal-5,plain,lock,100,0
R4,traversal-5,plain,snapshot,29200,3270
R4,traversal-5,plain,nodes,87800,2036
R4,traversal-5,plain,owning_edges,907700,0
R4,traversal-5,plain,unsafe_propagation,6500,0
R4,traversal-5,plain,root_counts,8300,971
R4,traversal-5,plain,reachability,7500,0
R4,traversal-5,plain,retirement_count,1100,0
R4,traversal-5,plain,retirement,700,0
R4,traversal-5,plain,graph_teardown,44700,0
R4,traversal-5,plain,snapshot_release,18200,0
R4,traversal-5,collect,plain_total,1221100,0
R4,traversal-5,collect,specialized,1166000,0
R4,traversal-5,plain,lock,100,0
R4,traversal-5,plain,snapshot,27500,3270
R4,traversal-5,plain,nodes,73600,2036
R4,traversal-5,plain,owning_edges,809800,0
R4,traversal-5,plain,unsafe_propagation,4900,0
R4,traversal-5,plain,root_counts,6300,971
R4,traversal-5,plain,reachability,6700,0
R4,traversal-5,plain,retirement_count,600,0
R4,traversal-5,plain,retirement,700,0
R4,traversal-5,plain,graph_teardown,46400,0
R4,traversal-5,plain,snapshot_release,17100,0
R4,traversal-5,collect,plain_total,1061400,0
R4,traversal-5,collect,specialized,1132800,0
R4,traversal-5,plain,lock,100,0
R4,traversal-5,plain,snapshot,26600,3270
R4,traversal-5,plain,nodes,86300,2036
R4,traversal-5,plain,owning_edges,948600,0
R4,traversal-5,plain,unsafe_propagation,5200,0
R4,traversal-5,plain,root_counts,6400,971
R4,traversal-5,plain,reachability,8800,0
R4,traversal-5,plain,retirement_count,700,0
R4,traversal-5,plain,retirement,700,0
R4,traversal-5,plain,graph_teardown,47500,0
R4,traversal-5,plain,snapshot_release,16400,0
R4,traversal-5,collect,plain_total,3470400,0
R5b,traversal-1,collect,specialized,1478000,0
R5b,traversal-1,plain,lock,500,0
R5b,traversal-1,plain,snapshot,48200,3270
R5b,traversal-1,plain,nodes,159000,2036
R5b,traversal-1,plain,owning_edges,678300,0
R5b,traversal-1,plain,unsafe_propagation,6300,0
R5b,traversal-1,plain,root_counts,6700,971
R5b,traversal-1,plain,reachability,8000,0
R5b,traversal-1,plain,retirement_count,600,0
R5b,traversal-1,plain,retirement,800,0
R5b,traversal-1,plain,graph_teardown,47300,0
R5b,traversal-1,plain,snapshot_release,17000,0
R5b,traversal-1,collect,plain_total,1002600,0
R5b,traversal-1,collect,specialized,1279000,0
R5b,traversal-1,plain,lock,200,0
R5b,traversal-1,plain,snapshot,27600,3270
R5b,traversal-1,plain,nodes,78900,2036
R5b,traversal-1,plain,owning_edges,606400,0
R5b,traversal-1,plain,unsafe_propagation,4900,0
R5b,traversal-1,plain,root_counts,7500,971
R5b,traversal-1,plain,reachability,8000,0
R5b,traversal-1,plain,retirement_count,600,0
R5b,traversal-1,plain,retirement,700,0
R5b,traversal-1,plain,graph_teardown,48300,0
R5b,traversal-1,plain,snapshot_release,20200,0
R5b,traversal-1,collect,plain_total,971500,0
R5b,traversal-1,collect,specialized,1297100,0
R5b,traversal-1,plain,lock,200,0
R5b,traversal-1,plain,snapshot,29100,3270
R5b,traversal-1,plain,nodes,78400,2036
R5b,traversal-1,plain,owning_edges,555000,0
R5b,traversal-1,plain,unsafe_propagation,5100,0
R5b,traversal-1,plain,root_counts,5800,971
R5b,traversal-1,plain,reachability,7000,0
R5b,traversal-1,plain,retirement_count,600,0
R5b,traversal-1,plain,retirement,600,0
R5b,traversal-1,plain,graph_teardown,56200,0
R5b,traversal-1,plain,snapshot_release,20800,0
R5b,traversal-1,collect,plain_total,3374300,0
R5b,traversal-1,collect,specialized,1340300,0
R5b,traversal-1,plain,lock,100,0
R5b,traversal-1,plain,snapshot,30200,3270
R5b,traversal-1,plain,nodes,84000,2036
R5b,traversal-1,plain,owning_edges,624800,0
R5b,traversal-1,plain,unsafe_propagation,4300,0
R5b,traversal-1,plain,root_counts,5900,971
R5b,traversal-1,plain,reachability,7200,0
R5b,traversal-1,plain,retirement_count,600,0
R5b,traversal-1,plain,retirement,600,0
R5b,traversal-1,plain,graph_teardown,49300,0
R5b,traversal-1,plain,snapshot_release,16400,0
R5b,traversal-1,collect,plain_total,848800,0
R5b,traversal-2,collect,specialized,1519900,0
R5b,traversal-2,plain,lock,300,0
R5b,traversal-2,plain,snapshot,50600,3270
R5b,traversal-2,plain,nodes,160600,2036
R5b,traversal-2,plain,owning_edges,693900,0
R5b,traversal-2,plain,unsafe_propagation,9100,0
R5b,traversal-2,plain,root_counts,10400,971
R5b,traversal-2,plain,reachability,8100,0
R5b,traversal-2,plain,retirement_count,600,0
R5b,traversal-2,plain,retirement,800,0
R5b,traversal-2,plain,graph_teardown,57800,0
R5b,traversal-2,plain,snapshot_release,19300,0
R5b,traversal-2,collect,plain_total,1042700,0
R5b,traversal-2,collect,specialized,1298400,0
R5b,traversal-2,plain,lock,200,0
R5b,traversal-2,plain,snapshot,27500,3270
R5b,traversal-2,plain,nodes,72800,2036
R5b,traversal-2,plain,owning_edges,631500,0
R5b,traversal-2,plain,unsafe_propagation,4100,0
R5b,traversal-2,plain,root_counts,6100,971
R5b,traversal-2,plain,reachability,6700,0
R5b,traversal-2,plain,retirement_count,500,0
R5b,traversal-2,plain,retirement,600,0
R5b,traversal-2,plain,graph_teardown,48000,0
R5b,traversal-2,plain,snapshot_release,15900,0
R5b,traversal-2,collect,plain_total,913100,0
R5b,traversal-2,collect,specialized,1233700,0
R5b,traversal-2,plain,lock,100,0
R5b,traversal-2,plain,snapshot,25900,3270
R5b,traversal-2,plain,nodes,70400,2036
R5b,traversal-2,plain,owning_edges,493500,0
R5b,traversal-2,plain,unsafe_propagation,4100,0
R5b,traversal-2,plain,root_counts,5600,971
R5b,traversal-2,plain,reachability,6500,0
R5b,traversal-2,plain,retirement_count,500,0
R5b,traversal-2,plain,retirement,600,0
R5b,traversal-2,plain,graph_teardown,55800,0
R5b,traversal-2,plain,snapshot_release,20700,0
R5b,traversal-2,collect,plain_total,3216700,0
R5b,traversal-2,collect,specialized,1317800,0
R5b,traversal-2,plain,lock,200,0
R5b,traversal-2,plain,snapshot,27900,3270
R5b,traversal-2,plain,nodes,75300,2036
R5b,traversal-2,plain,owning_edges,579400,0
R5b,traversal-2,plain,unsafe_propagation,4900,0
R5b,traversal-2,plain,root_counts,6600,971
R5b,traversal-2,plain,reachability,6700,0
R5b,traversal-2,plain,retirement_count,600,0
R5b,traversal-2,plain,retirement,600,0
R5b,traversal-2,plain,graph_teardown,49100,0
R5b,traversal-2,plain,snapshot_release,16300,0
R5b,traversal-2,collect,plain_total,793900,0
R5b,traversal-3,collect,specialized,1516300,0
R5b,traversal-3,plain,lock,400,0
R5b,traversal-3,plain,snapshot,48500,3270
R5b,traversal-3,plain,nodes,225300,2036
R5b,traversal-3,plain,owning_edges,825800,0
R5b,traversal-3,plain,unsafe_propagation,7600,0
R5b,traversal-3,plain,root_counts,12100,971
R5b,traversal-3,plain,reachability,8000,0
R5b,traversal-3,plain,retirement_count,600,0
R5b,traversal-3,plain,retirement,800,0
R5b,traversal-3,plain,graph_teardown,50700,0
R5b,traversal-3,plain,snapshot_release,20000,0
R5b,traversal-3,collect,plain_total,1243000,0
R5b,traversal-3,collect,specialized,1360300,0
R5b,traversal-3,plain,lock,200,0
R5b,traversal-3,plain,snapshot,30300,3270
R5b,traversal-3,plain,nodes,82900,2036
R5b,traversal-3,plain,owning_edges,643200,0
R5b,traversal-3,plain,unsafe_propagation,4600,0
R5b,traversal-3,plain,root_counts,6400,971
R5b,traversal-3,plain,reachability,7300,0
R5b,traversal-3,plain,retirement_count,600,0
R5b,traversal-3,plain,retirement,700,0
R5b,traversal-3,plain,graph_teardown,59100,0
R5b,traversal-3,plain,snapshot_release,17900,0
R5b,traversal-3,collect,plain_total,957200,0
R5b,traversal-3,collect,specialized,1306300,0
R5b,traversal-3,plain,lock,100,0
R5b,traversal-3,plain,snapshot,28200,3270
R5b,traversal-3,plain,nodes,78500,2036
R5b,traversal-3,plain,owning_edges,649900,0
R5b,traversal-3,plain,unsafe_propagation,4200,0
R5b,traversal-3,plain,root_counts,5800,971
R5b,traversal-3,plain,reachability,11400,0
R5b,traversal-3,plain,retirement_count,600,0
R5b,traversal-3,plain,retirement,600,0
R5b,traversal-3,plain,graph_teardown,53100,0
R5b,traversal-3,plain,snapshot_release,18500,0
R5b,traversal-3,collect,plain_total,3512700,0
R5b,traversal-3,collect,specialized,1283200,0
R5b,traversal-3,plain,lock,200,0
R5b,traversal-3,plain,snapshot,30300,3270
R5b,traversal-3,plain,nodes,80400,2036
R5b,traversal-3,plain,owning_edges,684600,0
R5b,traversal-3,plain,unsafe_propagation,4600,0
R5b,traversal-3,plain,root_counts,6000,971
R5b,traversal-3,plain,reachability,8300,0
R5b,traversal-3,plain,retirement_count,600,0
R5b,traversal-3,plain,retirement,600,0
R5b,traversal-3,plain,graph_teardown,53000,0
R5b,traversal-3,plain,snapshot_release,16600,0
R5b,traversal-3,collect,plain_total,909900,0
R5b,traversal-4,collect,specialized,1483800,0
R5b,traversal-4,plain,lock,500,0
R5b,traversal-4,plain,snapshot,62400,3270
R5b,traversal-4,plain,nodes,165600,2036
R5b,traversal-4,plain,owning_edges,812900,0
R5b,traversal-4,plain,unsafe_propagation,9400,0
R5b,traversal-4,plain,root_counts,11500,971
R5b,traversal-4,plain,reachability,10900,0
R5b,traversal-4,plain,retirement_count,700,0
R5b,traversal-4,plain,retirement,800,0
R5b,traversal-4,plain,graph_teardown,55000,0
R5b,traversal-4,plain,snapshot_release,21100,0
R5b,traversal-4,collect,plain_total,1184000,0
R5b,traversal-4,collect,specialized,1326500,0
R5b,traversal-4,plain,lock,100,0
R5b,traversal-4,plain,snapshot,44900,3270
R5b,traversal-4,plain,nodes,119300,2036
R5b,traversal-4,plain,owning_edges,793100,0
R5b,traversal-4,plain,unsafe_propagation,6100,0
R5b,traversal-4,plain,root_counts,7400,971
R5b,traversal-4,plain,reachability,9800,0
R5b,traversal-4,plain,retirement_count,600,0
R5b,traversal-4,plain,retirement,700,0
R5b,traversal-4,plain,graph_teardown,49200,0
R5b,traversal-4,plain,snapshot_release,18000,0
R5b,traversal-4,collect,plain_total,1231300,0
R5b,traversal-4,collect,specialized,1334100,0
R5b,traversal-4,plain,lock,100,0
R5b,traversal-4,plain,snapshot,30900,3270
R5b,traversal-4,plain,nodes,75000,2036
R5b,traversal-4,plain,owning_edges,535600,0
R5b,traversal-4,plain,unsafe_propagation,5000,0
R5b,traversal-4,plain,root_counts,6300,971
R5b,traversal-4,plain,reachability,8500,0
R5b,traversal-4,plain,retirement_count,600,0
R5b,traversal-4,plain,retirement,800,0
R5b,traversal-4,plain,graph_teardown,50400,0
R5b,traversal-4,plain,snapshot_release,16700,0
R5b,traversal-4,collect,plain_total,798000,0
R5b,traversal-4,collect,specialized,1305000,0
R5b,traversal-4,plain,lock,200,0
R5b,traversal-4,plain,snapshot,26500,3270
R5b,traversal-4,plain,nodes,80200,2036
R5b,traversal-4,plain,owning_edges,507100,0
R5b,traversal-4,plain,unsafe_propagation,4900,0
R5b,traversal-4,plain,root_counts,5500,971
R5b,traversal-4,plain,reachability,6800,0
R5b,traversal-4,plain,retirement_count,700,0
R5b,traversal-4,plain,retirement,700,0
R5b,traversal-4,plain,graph_teardown,47400,0
R5b,traversal-4,plain,snapshot_release,15200,0
R5b,traversal-4,collect,plain_total,2916600,0
R5b,traversal-5,collect,specialized,1425100,0
R5b,traversal-5,plain,lock,200,0
R5b,traversal-5,plain,snapshot,60900,3270
R5b,traversal-5,plain,nodes,185000,2036
R5b,traversal-5,plain,owning_edges,847900,0
R5b,traversal-5,plain,unsafe_propagation,9000,0
R5b,traversal-5,plain,root_counts,12500,971
R5b,traversal-5,plain,reachability,10000,0
R5b,traversal-5,plain,retirement_count,700,0
R5b,traversal-5,plain,retirement,900,0
R5b,traversal-5,plain,graph_teardown,50900,0
R5b,traversal-5,plain,snapshot_release,21300,0
R5b,traversal-5,collect,plain_total,1233200,0
R5b,traversal-5,collect,specialized,1294600,0
R5b,traversal-5,plain,lock,200,0
R5b,traversal-5,plain,snapshot,28400,3270
R5b,traversal-5,plain,nodes,78100,2036
R5b,traversal-5,plain,owning_edges,673700,0
R5b,traversal-5,plain,unsafe_propagation,5800,0
R5b,traversal-5,plain,root_counts,6700,971
R5b,traversal-5,plain,reachability,7800,0
R5b,traversal-5,plain,retirement_count,9400,0
R5b,traversal-5,plain,retirement,1200,0
R5b,traversal-5,plain,graph_teardown,57000,0
R5b,traversal-5,plain,snapshot_release,21300,0
R5b,traversal-5,collect,plain_total,1070200,0
R5b,traversal-5,collect,specialized,1208800,0
R5b,traversal-5,plain,lock,200,0
R5b,traversal-5,plain,snapshot,30900,3270
R5b,traversal-5,plain,nodes,77100,2036
R5b,traversal-5,plain,owning_edges,573100,0
R5b,traversal-5,plain,unsafe_propagation,4400,0
R5b,traversal-5,plain,root_counts,6000,971
R5b,traversal-5,plain,reachability,7200,0
R5b,traversal-5,plain,retirement_count,600,0
R5b,traversal-5,plain,retirement,700,0
R5b,traversal-5,plain,graph_teardown,47300,0
R5b,traversal-5,plain,snapshot_release,17100,0
R5b,traversal-5,collect,plain_total,928500,0
R5b,traversal-5,collect,specialized,1191100,0
R5b,traversal-5,plain,lock,200,0
R5b,traversal-5,plain,snapshot,27300,3270
R5b,traversal-5,plain,nodes,90700,2036
R5b,traversal-5,plain,owning_edges,644400,0
R5b,traversal-5,plain,unsafe_propagation,5800,0
R5b,traversal-5,plain,root_counts,6200,971
R5b,traversal-5,plain,reachability,8700,0
R5b,traversal-5,plain,retirement_count,600,0
R5b,traversal-5,plain,retirement,800,0
R5b,traversal-5,plain,graph_teardown,48100,0
R5b,traversal-5,plain,snapshot_release,16000,0
R5b,traversal-5,collect,plain_total,3219400,0
