runtime,subtest,sample,seconds,source_json
cpython3147_saved_full_fast,sqlglot_v2_parse,1,0.0009840914060532668,doc/performance/data/pyperformance-cpython3147-live-eval-full-fast-20261007.json
cpython3147_saved_full_fast,sqlglot_v2_parse,2,0.0009905929684919101,doc/performance/data/pyperformance-cpython3147-live-eval-full-fast-20261007.json
cpython3147_saved_full_fast,sqlglot_v2_parse,3,0.0009911406243645615,doc/performance/data/pyperformance-cpython3147-live-eval-full-fast-20261007.json
cpython3147_saved_full_fast,sqlglot_v2_parse,4,0.0009875429682324466,doc/performance/data/pyperformance-cpython3147-live-eval-full-fast-20261007.json
cpython3147_saved_full_fast,sqlglot_v2_parse,5,0.0009910421874792519,doc/performance/data/pyperformance-cpython3147-live-eval-full-fast-20261007.json
cpython3147_saved_full_fast,sqlglot_v2_parse,6,0.0009878429696073,doc/performance/data/pyperformance-cpython3147-live-eval-full-fast-20261007.json
cpython3147_saved_full_fast,sqlglot_v2_parse,7,0.0009866804698503984,doc/performance/data/pyperformance-cpython3147-live-eval-full-fast-20261007.json
cpython3147_saved_full_fast,sqlglot_v2_parse,8,0.001004994531513148,doc/performance/data/pyperformance-cpython3147-live-eval-full-fast-20261007.json
cpython3147_saved_full_fast,sqlglot_v2_parse,9,0.0009726718751608132,doc/performance/data/pyperformance-cpython3147-live-eval-full-fast-20261007.json
cpython3147_saved_full_fast,sqlglot_v2_parse,10,0.0009794499994768557,doc/performance/data/pyperformance-cpython3147-live-eval-full-fast-20261007.json
cpython3147_saved_full_fast,sqlglot_v2_parse,11,0.0010022523433690367,doc/performance/data/pyperformance-cpython3147-live-eval-full-fast-20261007.json
cpython3147_saved_full_fast,sqlglot_v2_parse,12,0.0009943273441876954,doc/performance/data/pyperformance-cpython3147-live-eval-full-fast-20261007.json
cpython3147_saved_full_fast,sqlglot_v2_parse,13,0.0009881515618417325,doc/performance/data/pyperformance-cpython3147-live-eval-full-fast-20261007.json
cpython3147_saved_full_fast,sqlglot_v2_parse,14,0.0009842171880336537,doc/performance/data/pyperformance-cpython3147-live-eval-full-fast-20261007.json
cpython3147_saved_full_fast,sqlglot_v2_parse,15,0.0009927046871780476,doc/performance/data/pyperformance-cpython3147-live-eval-full-fast-20261007.json
cpython3147_saved_full_fast,sqlglot_v2_parse,16,0.0009873890619473968,doc/performance/data/pyperformance-cpython3147-live-eval-full-fast-20261007.json
cpython3147_saved_full_fast,sqlglot_v2_parse,17,0.0009911398440181074,doc/performance/data/pyperformance-cpython3147-live-eval-full-fast-20261007.json
cpython3147_saved_full_fast,sqlglot_v2_parse,18,0.001002941407250546,doc/performance/data/pyperformance-cpython3147-live-eval-full-fast-20261007.json
cpython3147_saved_full_fast,sqlglot_v2_parse,19,0.0009909187501762062,doc/performance/data/pyperformance-cpython3147-live-eval-full-fast-20261007.json
cpython3147_saved_full_fast,sqlglot_v2_parse,20,0.0009556726561186224,doc/performance/data/pyperformance-cpython3147-live-eval-full-fast-20261007.json
accepted_r4_saved_fast,sqlglot_v2_parse,1,0.018946437496197177,doc/performance/data/pyperformance-canonical-slot-r4-sqlglot-parse-fast-20261008.json
accepted_r4_saved_fast,sqlglot_v2_parse,2,0.01858618749611196,doc/performance/data/pyperformance-canonical-slot-r4-sqlglot-parse-fast-20261008.json
accepted_r4_saved_fast,sqlglot_v2_parse,3,0.01907592499628663,doc/performance/data/pyperformance-canonical-slot-r4-sqlglot-parse-fast-20261008.json
accepted_r4_saved_fast,sqlglot_v2_parse,4,0.019185299999662675,doc/performance/data/pyperformance-canonical-slot-r4-sqlglot-parse-fast-20261008.json
accepted_r4_saved_fast,sqlglot_v2_parse,5,0.02608731249711127,doc/performance/data/pyperformance-canonical-slot-r4-sqlglot-parse-fast-20261008.json
accepted_r4_saved_fast,sqlglot_v2_parse,6,0.018908862493844936,doc/performance/data/pyperformance-canonical-slot-r4-sqlglot-parse-fast-20261008.json
accepted_r4_saved_fast,sqlglot_v2_parse,7,0.018542787503974978,doc/performance/data/pyperformance-canonical-slot-r4-sqlglot-parse-fast-20261008.json
accepted_r4_saved_fast,sqlglot_v2_parse,8,0.018875587498769164,doc/performance/data/pyperformance-canonical-slot-r4-sqlglot-parse-fast-20261008.json
accepted_r4_saved_fast,sqlglot_v2_parse,9,0.019124700000247685,doc/performance/data/pyperformance-canonical-slot-r4-sqlglot-parse-fast-20261008.json
accepted_r4_saved_fast,sqlglot_v2_parse,10,0.019024262499442557,doc/performance/data/pyperformance-canonical-slot-r4-sqlglot-parse-fast-20261008.json
accepted_r4_saved_fast,sqlglot_v2_parse,11,0.018753862499579554,doc/performance/data/pyperformance-canonical-slot-r4-sqlglot-parse-fast-20261008.json
accepted_r4_saved_fast,sqlglot_v2_parse,12,0.018691299999773037,doc/performance/data/pyperformance-canonical-slot-r4-sqlglot-parse-fast-20261008.json
accepted_r4_saved_fast,sqlglot_v2_parse,13,0.019384125007491093,doc/performance/data/pyperformance-canonical-slot-r4-sqlglot-parse-fast-20261008.json
accepted_r4_saved_fast,sqlglot_v2_parse,14,0.018607400001201313,doc/performance/data/pyperformance-canonical-slot-r4-sqlglot-parse-fast-20261008.json
accepted_r4_saved_fast,sqlglot_v2_parse,15,0.01944977499806555,doc/performance/data/pyperformance-canonical-slot-r4-sqlglot-parse-fast-20261008.json
accepted_r4_saved_fast,sqlglot_v2_parse,16,0.01986350000152015,doc/performance/data/pyperformance-canonical-slot-r4-sqlglot-parse-fast-20261008.json
accepted_r4_saved_fast,sqlglot_v2_parse,17,0.022590412499994272,doc/performance/data/pyperformance-canonical-slot-r4-sqlglot-parse-fast-20261008.json
accepted_r4_saved_fast,sqlglot_v2_parse,18,0.01878407500043977,doc/performance/data/pyperformance-canonical-slot-r4-sqlglot-parse-fast-20261008.json
accepted_r4_saved_fast,sqlglot_v2_parse,19,0.018724987501627766,doc/performance/data/pyperformance-canonical-slot-r4-sqlglot-parse-fast-20261008.json
accepted_r4_saved_fast,sqlglot_v2_parse,20,0.01975144999596523,doc/performance/data/pyperformance-canonical-slot-r4-sqlglot-parse-fast-20261008.json
inherited_r3_candidate,sqlglot_v2_parse,1,0.031404537501657614,doc/performance/data/pyperformance-inherited-slot-proof-sqlglot-parse-fast-20261008.json
inherited_r3_candidate,sqlglot_v2_parse,2,0.018615375003719237,doc/performance/data/pyperformance-inherited-slot-proof-sqlglot-parse-fast-20261008.json
inherited_r3_candidate,sqlglot_v2_parse,3,0.018209337500593392,doc/performance/data/pyperformance-inherited-slot-proof-sqlglot-parse-fast-20261008.json
inherited_r3_candidate,sqlglot_v2_parse,4,0.018205187505373033,doc/performance/data/pyperformance-inherited-slot-proof-sqlglot-parse-fast-20261008.json
inherited_r3_candidate,sqlglot_v2_parse,5,0.018990862499776995,doc/performance/data/pyperformance-inherited-slot-proof-sqlglot-parse-fast-20261008.json
inherited_r3_candidate,sqlglot_v2_parse,6,0.019658262499433476,doc/performance/data/pyperformance-inherited-slot-proof-sqlglot-parse-fast-20261008.json
inherited_r3_candidate,sqlglot_v2_parse,7,0.01858780000839033,doc/performance/data/pyperformance-inherited-slot-proof-sqlglot-parse-fast-20261008.json
inherited_r3_candidate,sqlglot_v2_parse,8,0.018491625003662193,doc/performance/data/pyperformance-inherited-slot-proof-sqlglot-parse-fast-20261008.json
inherited_r3_candidate,sqlglot_v2_parse,9,0.01853543750985409,doc/performance/data/pyperformance-inherited-slot-proof-sqlglot-parse-fast-20261008.json
inherited_r3_candidate,sqlglot_v2_parse,10,0.028305612493568333,doc/performance/data/pyperformance-inherited-slot-proof-sqlglot-parse-fast-20261008.json
inherited_r3_candidate,sqlglot_v2_parse,11,0.02195499999652384,doc/performance/data/pyperformance-inherited-slot-proof-sqlglot-parse-fast-20261008.json
inherited_r3_candidate,sqlglot_v2_parse,12,0.019275362505140947,doc/performance/data/pyperformance-inherited-slot-proof-sqlglot-parse-fast-20261008.json
inherited_r3_candidate,sqlglot_v2_parse,13,0.018539924996730406,doc/performance/data/pyperformance-inherited-slot-proof-sqlglot-parse-fast-20261008.json
inherited_r3_candidate,sqlglot_v2_parse,14,0.01834127500114846,doc/performance/data/pyperformance-inherited-slot-proof-sqlglot-parse-fast-20261008.json
inherited_r3_candidate,sqlglot_v2_parse,15,0.022608249997574603,doc/performance/data/pyperformance-inherited-slot-proof-sqlglot-parse-fast-20261008.json
inherited_r3_candidate,sqlglot_v2_parse,16,0.01858336249642889,doc/performance/data/pyperformance-inherited-slot-proof-sqlglot-parse-fast-20261008.json
inherited_r3_candidate,sqlglot_v2_parse,17,0.01842316249894793,doc/performance/data/pyperformance-inherited-slot-proof-sqlglot-parse-fast-20261008.json
inherited_r3_candidate,sqlglot_v2_parse,18,0.018419425003230572,doc/performance/data/pyperformance-inherited-slot-proof-sqlglot-parse-fast-20261008.json
inherited_r3_candidate,sqlglot_v2_parse,19,0.018564562502433546,doc/performance/data/pyperformance-inherited-slot-proof-sqlglot-parse-fast-20261008.json
inherited_r3_candidate,sqlglot_v2_parse,20,0.018428487510391278,doc/performance/data/pyperformance-inherited-slot-proof-sqlglot-parse-fast-20261008.json
