stage,probe,case,runtime,pair,process_order,sample,seconds,identity_json
inherited_R3,slot,own_slot,cpython3147,,,1,0.00033660000190138817,"{""checksum"": 114688, ""operations"": 16384, ""path"": ""own_slot""}"
inherited_R3,slot,own_slot,cpython3147,,,2,0.00032479999936185777,"{""checksum"": 114688, ""operations"": 16384, ""path"": ""own_slot""}"
inherited_R3,slot,own_slot,cpython3147,,,3,0.0003205999964848161,"{""checksum"": 114688, ""operations"": 16384, ""path"": ""own_slot""}"
inherited_R3,slot,own_slot,cpython3147,,,4,0.0003240999940317124,"{""checksum"": 114688, ""operations"": 16384, ""path"": ""own_slot""}"
inherited_R3,slot,own_slot,cpython3147,,,5,0.0003403000009711832,"{""checksum"": 114688, ""operations"": 16384, ""path"": ""own_slot""}"
inherited_R3,slot,own_slot,control,1,1,1,0.0009860999998636544,"{""checksum"": 114688, ""operations"": 16384, ""path"": ""own_slot""}"
inherited_R3,slot,own_slot,control,1,1,2,0.0009785000002011657,"{""checksum"": 114688, ""operations"": 16384, ""path"": ""own_slot""}"
inherited_R3,slot,own_slot,control,1,1,3,0.000984499987680465,"{""checksum"": 114688, ""operations"": 16384, ""path"": ""own_slot""}"
inherited_R3,slot,own_slot,control,1,1,4,0.0009732000180520117,"{""checksum"": 114688, ""operations"": 16384, ""path"": ""own_slot""}"
inherited_R3,slot,own_slot,control,1,1,5,0.0009630999993532896,"{""checksum"": 114688, ""operations"": 16384, ""path"": ""own_slot""}"
inherited_R3,slot,own_slot,candidate,1,2,1,0.0009187999821733683,"{""checksum"": 114688, ""operations"": 16384, ""path"": ""own_slot""}"
inherited_R3,slot,own_slot,candidate,1,2,2,0.0009048999927472323,"{""checksum"": 114688, ""operations"": 16384, ""path"": ""own_slot""}"
inherited_R3,slot,own_slot,candidate,1,2,3,0.00091559998691082,"{""checksum"": 114688, ""operations"": 16384, ""path"": ""own_slot""}"
inherited_R3,slot,own_slot,candidate,1,2,4,0.0009068000072147697,"{""checksum"": 114688, ""operations"": 16384, ""path"": ""own_slot""}"
inherited_R3,slot,own_slot,candidate,1,2,5,0.0009980000031646341,"{""checksum"": 114688, ""operations"": 16384, ""path"": ""own_slot""}"
inherited_R3,slot,own_slot,candidate,2,1,1,0.0009227999835275114,"{""checksum"": 114688, ""operations"": 16384, ""path"": ""own_slot""}"
inherited_R3,slot,own_slot,candidate,2,1,2,0.0009067000064533204,"{""checksum"": 114688, ""operations"": 16384, ""path"": ""own_slot""}"
inherited_R3,slot,own_slot,candidate,2,1,3,0.0008961999847088009,"{""checksum"": 114688, ""operations"": 16384, ""path"": ""own_slot""}"
inherited_R3,slot,own_slot,candidate,2,1,4,0.0009028000058606267,"{""checksum"": 114688, ""operations"": 16384, ""path"": ""own_slot""}"
inherited_R3,slot,own_slot,candidate,2,1,5,0.0009006999898701906,"{""checksum"": 114688, ""operations"": 16384, ""path"": ""own_slot""}"
inherited_R3,slot,own_slot,control,2,2,1,0.0010025000083260238,"{""checksum"": 114688, ""operations"": 16384, ""path"": ""own_slot""}"
inherited_R3,slot,own_slot,control,2,2,2,0.0010161000245716423,"{""checksum"": 114688, ""operations"": 16384, ""path"": ""own_slot""}"
inherited_R3,slot,own_slot,control,2,2,3,0.0010794000118039548,"{""checksum"": 114688, ""operations"": 16384, ""path"": ""own_slot""}"
inherited_R3,slot,own_slot,control,2,2,4,0.001042899995809421,"{""checksum"": 114688, ""operations"": 16384, ""path"": ""own_slot""}"
inherited_R3,slot,own_slot,control,2,2,5,0.000989099993603304,"{""checksum"": 114688, ""operations"": 16384, ""path"": ""own_slot""}"
inherited_R3,slot,own_slot,control,3,1,1,0.0010181000106967986,"{""checksum"": 114688, ""operations"": 16384, ""path"": ""own_slot""}"
inherited_R3,slot,own_slot,control,3,1,2,0.0009891000227071345,"{""checksum"": 114688, ""operations"": 16384, ""path"": ""own_slot""}"
inherited_R3,slot,own_slot,control,3,1,3,0.0009787000017240644,"{""checksum"": 114688, ""operations"": 16384, ""path"": ""own_slot""}"
inherited_R3,slot,own_slot,control,3,1,4,0.0011255000135861337,"{""checksum"": 114688, ""operations"": 16384, ""path"": ""own_slot""}"
inherited_R3,slot,own_slot,control,3,1,5,0.000979800010100007,"{""checksum"": 114688, ""operations"": 16384, ""path"": ""own_slot""}"
inherited_R3,slot,own_slot,candidate,3,2,1,0.0009234999888576567,"{""checksum"": 114688, ""operations"": 16384, ""path"": ""own_slot""}"
inherited_R3,slot,own_slot,candidate,3,2,2,0.0009278999932575971,"{""checksum"": 114688, ""operations"": 16384, ""path"": ""own_slot""}"
inherited_R3,slot,own_slot,candidate,3,2,3,0.000899800012120977,"{""checksum"": 114688, ""operations"": 16384, ""path"": ""own_slot""}"
inherited_R3,slot,own_slot,candidate,3,2,4,0.0009074000117834657,"{""checksum"": 114688, ""operations"": 16384, ""path"": ""own_slot""}"
inherited_R3,slot,own_slot,candidate,3,2,5,0.0009175000013783574,"{""checksum"": 114688, ""operations"": 16384, ""path"": ""own_slot""}"
inherited_R3,slot,own_slot,candidate,4,1,1,0.000992499990388751,"{""checksum"": 114688, ""operations"": 16384, ""path"": ""own_slot""}"
inherited_R3,slot,own_slot,candidate,4,1,2,0.0009828000038396567,"{""checksum"": 114688, ""operations"": 16384, ""path"": ""own_slot""}"
inherited_R3,slot,own_slot,candidate,4,1,3,0.000974599999608472,"{""checksum"": 114688, ""operations"": 16384, ""path"": ""own_slot""}"
inherited_R3,slot,own_slot,candidate,4,1,4,0.000978299998678267,"{""checksum"": 114688, ""operations"": 16384, ""path"": ""own_slot""}"
inherited_R3,slot,own_slot,candidate,4,1,5,0.000964100006967783,"{""checksum"": 114688, ""operations"": 16384, ""path"": ""own_slot""}"
inherited_R3,slot,own_slot,control,4,2,1,0.000999899988528341,"{""checksum"": 114688, ""operations"": 16384, ""path"": ""own_slot""}"
inherited_R3,slot,own_slot,control,4,2,2,0.0010077000188175589,"{""checksum"": 114688, ""operations"": 16384, ""path"": ""own_slot""}"
inherited_R3,slot,own_slot,control,4,2,3,0.0010016999731305987,"{""checksum"": 114688, ""operations"": 16384, ""path"": ""own_slot""}"
inherited_R3,slot,own_slot,control,4,2,4,0.0009725000127218664,"{""checksum"": 114688, ""operations"": 16384, ""path"": ""own_slot""}"
inherited_R3,slot,own_slot,control,4,2,5,0.000998999981675297,"{""checksum"": 114688, ""operations"": 16384, ""path"": ""own_slot""}"
inherited_R3,slot,own_slot,control,5,1,1,0.0009726999851409346,"{""checksum"": 114688, ""operations"": 16384, ""path"": ""own_slot""}"
inherited_R3,slot,own_slot,control,5,1,2,0.0010417999874334782,"{""checksum"": 114688, ""operations"": 16384, ""path"": ""own_slot""}"
inherited_R3,slot,own_slot,control,5,1,3,0.0009856000251602381,"{""checksum"": 114688, ""operations"": 16384, ""path"": ""own_slot""}"
inherited_R3,slot,own_slot,control,5,1,4,0.0009676000045146793,"{""checksum"": 114688, ""operations"": 16384, ""path"": ""own_slot""}"
inherited_R3,slot,own_slot,control,5,1,5,0.0009785000002011657,"{""checksum"": 114688, ""operations"": 16384, ""path"": ""own_slot""}"
inherited_R3,slot,own_slot,candidate,5,2,1,0.0009454000100959092,"{""checksum"": 114688, ""operations"": 16384, ""path"": ""own_slot""}"
inherited_R3,slot,own_slot,candidate,5,2,2,0.000915299984626472,"{""checksum"": 114688, ""operations"": 16384, ""path"": ""own_slot""}"
inherited_R3,slot,own_slot,candidate,5,2,3,0.0009311999892815948,"{""checksum"": 114688, ""operations"": 16384, ""path"": ""own_slot""}"
inherited_R3,slot,own_slot,candidate,5,2,4,0.0009218000050168484,"{""checksum"": 114688, ""operations"": 16384, ""path"": ""own_slot""}"
inherited_R3,slot,own_slot,candidate,5,2,5,0.0008992999792098999,"{""checksum"": 114688, ""operations"": 16384, ""path"": ""own_slot""}"
inherited_R3,slot,own_slot,candidate,6,1,1,0.0011181999871041626,"{""checksum"": 114688, ""operations"": 16384, ""path"": ""own_slot""}"
inherited_R3,slot,own_slot,candidate,6,1,2,0.000961300014751032,"{""checksum"": 114688, ""operations"": 16384, ""path"": ""own_slot""}"
inherited_R3,slot,own_slot,candidate,6,1,3,0.0009398999973200262,"{""checksum"": 114688, ""operations"": 16384, ""path"": ""own_slot""}"
inherited_R3,slot,own_slot,candidate,6,1,4,0.0009566999797243625,"{""checksum"": 114688, ""operations"": 16384, ""path"": ""own_slot""}"
inherited_R3,slot,own_slot,candidate,6,1,5,0.0009278999932575971,"{""checksum"": 114688, ""operations"": 16384, ""path"": ""own_slot""}"
inherited_R3,slot,own_slot,control,6,2,1,0.0010051999997813255,"{""checksum"": 114688, ""operations"": 16384, ""path"": ""own_slot""}"
inherited_R3,slot,own_slot,control,6,2,2,0.0010127000277861953,"{""checksum"": 114688, ""operations"": 16384, ""path"": ""own_slot""}"
inherited_R3,slot,own_slot,control,6,2,3,0.001011400017887354,"{""checksum"": 114688, ""operations"": 16384, ""path"": ""own_slot""}"
inherited_R3,slot,own_slot,control,6,2,4,0.0010005999938584864,"{""checksum"": 114688, ""operations"": 16384, ""path"": ""own_slot""}"
inherited_R3,slot,own_slot,control,6,2,5,0.0010244000004604459,"{""checksum"": 114688, ""operations"": 16384, ""path"": ""own_slot""}"
inherited_R3,slot,own_slot,control,7,1,1,0.001014800014672801,"{""checksum"": 114688, ""operations"": 16384, ""path"": ""own_slot""}"
inherited_R3,slot,own_slot,control,7,1,2,0.0009868000051937997,"{""checksum"": 114688, ""operations"": 16384, ""path"": ""own_slot""}"
inherited_R3,slot,own_slot,control,7,1,3,0.0009788000024855137,"{""checksum"": 114688, ""operations"": 16384, ""path"": ""own_slot""}"
inherited_R3,slot,own_slot,control,7,1,4,0.0009902000019792467,"{""checksum"": 114688, ""operations"": 16384, ""path"": ""own_slot""}"
inherited_R3,slot,own_slot,control,7,1,5,0.0009986000077333301,"{""checksum"": 114688, ""operations"": 16384, ""path"": ""own_slot""}"
inherited_R3,slot,own_slot,candidate,7,2,1,0.0009441000001970679,"{""checksum"": 114688, ""operations"": 16384, ""path"": ""own_slot""}"
inherited_R3,slot,own_slot,candidate,7,2,2,0.0009089999948628247,"{""checksum"": 114688, ""operations"": 16384, ""path"": ""own_slot""}"
inherited_R3,slot,own_slot,candidate,7,2,3,0.0009079999872483313,"{""checksum"": 114688, ""operations"": 16384, ""path"": ""own_slot""}"
inherited_R3,slot,own_slot,candidate,7,2,4,0.0009232000156771392,"{""checksum"": 114688, ""operations"": 16384, ""path"": ""own_slot""}"
inherited_R3,slot,own_slot,candidate,7,2,5,0.0009011000220198184,"{""checksum"": 114688, ""operations"": 16384, ""path"": ""own_slot""}"
inherited_R3,slot,inherited_slot,cpython3147,,,1,0.00033149999217130244,"{""checksum"": 114688, ""operations"": 16384, ""path"": ""inherited_slot""}"
inherited_R3,slot,inherited_slot,cpython3147,,,2,0.00033969999640248716,"{""checksum"": 114688, ""operations"": 16384, ""path"": ""inherited_slot""}"
inherited_R3,slot,inherited_slot,cpython3147,,,3,0.00033290000283159316,"{""checksum"": 114688, ""operations"": 16384, ""path"": ""inherited_slot""}"
inherited_R3,slot,inherited_slot,cpython3147,,,4,0.00033290000283159316,"{""checksum"": 114688, ""operations"": 16384, ""path"": ""inherited_slot""}"
inherited_R3,slot,inherited_slot,cpython3147,,,5,0.0003076000139117241,"{""checksum"": 114688, ""operations"": 16384, ""path"": ""inherited_slot""}"
inherited_R3,slot,inherited_slot,control,1,1,1,0.0018573999986983836,"{""checksum"": 114688, ""operations"": 16384, ""path"": ""inherited_slot""}"
inherited_R3,slot,inherited_slot,control,1,1,2,0.0018625000084284693,"{""checksum"": 114688, ""operations"": 16384, ""path"": ""inherited_slot""}"
inherited_R3,slot,inherited_slot,control,1,1,3,0.0018264000245835632,"{""checksum"": 114688, ""operations"": 16384, ""path"": ""inherited_slot""}"
inherited_R3,slot,inherited_slot,control,1,1,4,0.0018029000202659518,"{""checksum"": 114688, ""operations"": 16384, ""path"": ""inherited_slot""}"
inherited_R3,slot,inherited_slot,control,1,1,5,0.0018482999876141548,"{""checksum"": 114688, ""operations"": 16384, ""path"": ""inherited_slot""}"
inherited_R3,slot,inherited_slot,candidate,1,2,1,0.0009166999952867627,"{""checksum"": 114688, ""operations"": 16384, ""path"": ""inherited_slot""}"
inherited_R3,slot,inherited_slot,candidate,1,2,2,0.0009010000212583691,"{""checksum"": 114688, ""operations"": 16384, ""path"": ""inherited_slot""}"
inherited_R3,slot,inherited_slot,candidate,1,2,3,0.0009088000224437565,"{""checksum"": 114688, ""operations"": 16384, ""path"": ""inherited_slot""}"
inherited_R3,slot,inherited_slot,candidate,1,2,4,0.0009052999957930297,"{""checksum"": 114688, ""operations"": 16384, ""path"": ""inherited_slot""}"
inherited_R3,slot,inherited_slot,candidate,1,2,5,0.0009043999889399856,"{""checksum"": 114688, ""operations"": 16384, ""path"": ""inherited_slot""}"
inherited_R3,slot,inherited_slot,candidate,2,1,1,0.0009140000038314611,"{""checksum"": 114688, ""operations"": 16384, ""path"": ""inherited_slot""}"
inherited_R3,slot,inherited_slot,candidate,2,1,2,0.0010593000042717904,"{""checksum"": 114688, ""operations"": 16384, ""path"": ""inherited_slot""}"
inherited_R3,slot,inherited_slot,candidate,2,1,3,0.0010397000005468726,"{""checksum"": 114688, ""operations"": 16384, ""path"": ""inherited_slot""}"
inherited_R3,slot,inherited_slot,candidate,2,1,4,0.0009227999835275114,"{""checksum"": 114688, ""operations"": 16384, ""path"": ""inherited_slot""}"
inherited_R3,slot,inherited_slot,candidate,2,1,5,0.0009062000026460737,"{""checksum"": 114688, ""operations"": 16384, ""path"": ""inherited_slot""}"
inherited_R3,slot,inherited_slot,control,2,2,1,0.0017965000006370246,"{""checksum"": 114688, ""operations"": 16384, ""path"": ""inherited_slot""}"
inherited_R3,slot,inherited_slot,control,2,2,2,0.0018454999953974038,"{""checksum"": 114688, ""operations"": 16384, ""path"": ""inherited_slot""}"
inherited_R3,slot,inherited_slot,control,2,2,3,0.001808900007745251,"{""checksum"": 114688, ""operations"": 16384, ""path"": ""inherited_slot""}"
inherited_R3,slot,inherited_slot,control,2,2,4,0.001797899982193485,"{""checksum"": 114688, ""operations"": 16384, ""path"": ""inherited_slot""}"
inherited_R3,slot,inherited_slot,control,2,2,5,0.0017954000213649124,"{""checksum"": 114688, ""operations"": 16384, ""path"": ""inherited_slot""}"
inherited_R3,slot,inherited_slot,control,3,1,1,0.001816300005884841,"{""checksum"": 114688, ""operations"": 16384, ""path"": ""inherited_slot""}"
inherited_R3,slot,inherited_slot,control,3,1,2,0.0018198999750893563,"{""checksum"": 114688, ""operations"": 16384, ""path"": ""inherited_slot""}"
inherited_R3,slot,inherited_slot,control,3,1,3,0.001807699998607859,"{""checksum"": 114688, ""operations"": 16384, ""path"": ""inherited_slot""}"
inherited_R3,slot,inherited_slot,control,3,1,4,0.0018042000010609627,"{""checksum"": 114688, ""operations"": 16384, ""path"": ""inherited_slot""}"
inherited_R3,slot,inherited_slot,control,3,1,5,0.0018131000106222928,"{""checksum"": 114688, ""operations"": 16384, ""path"": ""inherited_slot""}"
inherited_R3,slot,inherited_slot,candidate,3,2,1,0.0009297000069636852,"{""checksum"": 114688, ""operations"": 16384, ""path"": ""inherited_slot""}"
inherited_R3,slot,inherited_slot,candidate,3,2,2,0.0009225000103469938,"{""checksum"": 114688, ""operations"": 16384, ""path"": ""inherited_slot""}"
inherited_R3,slot,inherited_slot,candidate,3,2,3,0.0009010000212583691,"{""checksum"": 114688, ""operations"": 16384, ""path"": ""inherited_slot""}"
inherited_R3,slot,inherited_slot,candidate,3,2,4,0.000904199987417087,"{""checksum"": 114688, ""operations"": 16384, ""path"": ""inherited_slot""}"
inherited_R3,slot,inherited_slot,candidate,3,2,5,0.0009040999866556376,"{""checksum"": 114688, ""operations"": 16384, ""path"": ""inherited_slot""}"
inherited_R3,slot,inherited_slot,candidate,4,1,1,0.0009917000134009868,"{""checksum"": 114688, ""operations"": 16384, ""path"": ""inherited_slot""}"
inherited_R3,slot,inherited_slot,candidate,4,1,2,0.0009642000077292323,"{""checksum"": 114688, ""operations"": 16384, ""path"": ""inherited_slot""}"
inherited_R3,slot,inherited_slot,candidate,4,1,3,0.0009846000175457448,"{""checksum"": 114688, ""operations"": 16384, ""path"": ""inherited_slot""}"
inherited_R3,slot,inherited_slot,candidate,4,1,4,0.0009723999828565866,"{""checksum"": 114688, ""operations"": 16384, ""path"": ""inherited_slot""}"
inherited_R3,slot,inherited_slot,candidate,4,1,5,0.000982600002316758,"{""checksum"": 114688, ""operations"": 16384, ""path"": ""inherited_slot""}"
inherited_R3,slot,inherited_slot,control,4,2,1,0.0018342999974265695,"{""checksum"": 114688, ""operations"": 16384, ""path"": ""inherited_slot""}"
inherited_R3,slot,inherited_slot,control,4,2,2,0.0018145999929402024,"{""checksum"": 114688, ""operations"": 16384, ""path"": ""inherited_slot""}"
inherited_R3,slot,inherited_slot,control,4,2,3,0.0018418999970890582,"{""checksum"": 114688, ""operations"": 16384, ""path"": ""inherited_slot""}"
inherited_R3,slot,inherited_slot,control,4,2,4,0.0020592999935615808,"{""checksum"": 114688, ""operations"": 16384, ""path"": ""inherited_slot""}"
inherited_R3,slot,inherited_slot,control,4,2,5,0.0019127000123262405,"{""checksum"": 114688, ""operations"": 16384, ""path"": ""inherited_slot""}"
inherited_R3,slot,inherited_slot,control,5,1,1,0.0018164000066462904,"{""checksum"": 114688, ""operations"": 16384, ""path"": ""inherited_slot""}"
inherited_R3,slot,inherited_slot,control,5,1,2,0.0018081000016536564,"{""checksum"": 114688, ""operations"": 16384, ""path"": ""inherited_slot""}"
inherited_R3,slot,inherited_slot,control,5,1,3,0.0018326000135857612,"{""checksum"": 114688, ""operations"": 16384, ""path"": ""inherited_slot""}"
inherited_R3,slot,inherited_slot,control,5,1,4,0.0018825999868568033,"{""checksum"": 114688, ""operations"": 16384, ""path"": ""inherited_slot""}"
inherited_R3,slot,inherited_slot,control,5,1,5,0.001858100004028529,"{""checksum"": 114688, ""operations"": 16384, ""path"": ""inherited_slot""}"
inherited_R3,slot,inherited_slot,candidate,5,2,1,0.0009140000038314611,"{""checksum"": 114688, ""operations"": 16384, ""path"": ""inherited_slot""}"
inherited_R3,slot,inherited_slot,candidate,5,2,2,0.0009001999860629439,"{""checksum"": 114688, ""operations"": 16384, ""path"": ""inherited_slot""}"
inherited_R3,slot,inherited_slot,candidate,5,2,3,0.00090230000205338,"{""checksum"": 114688, ""operations"": 16384, ""path"": ""inherited_slot""}"
inherited_R3,slot,inherited_slot,candidate,5,2,4,0.000904799991985783,"{""checksum"": 114688, ""operations"": 16384, ""path"": ""inherited_slot""}"
inherited_R3,slot,inherited_slot,candidate,5,2,5,0.0008985000022221357,"{""checksum"": 114688, ""operations"": 16384, ""path"": ""inherited_slot""}"
inherited_R3,slot,inherited_slot,candidate,6,1,1,0.0009240999934263527,"{""checksum"": 114688, ""operations"": 16384, ""path"": ""inherited_slot""}"
inherited_R3,slot,inherited_slot,candidate,6,1,2,0.0009492000099271536,"{""checksum"": 114688, ""operations"": 16384, ""path"": ""inherited_slot""}"
inherited_R3,slot,inherited_slot,candidate,6,1,3,0.0009281999955419451,"{""checksum"": 114688, ""operations"": 16384, ""path"": ""inherited_slot""}"
inherited_R3,slot,inherited_slot,candidate,6,1,4,0.0009447000047657639,"{""checksum"": 114688, ""operations"": 16384, ""path"": ""inherited_slot""}"
inherited_R3,slot,inherited_slot,candidate,6,1,5,0.0009413999796379358,"{""checksum"": 114688, ""operations"": 16384, ""path"": ""inherited_slot""}"
inherited_R3,slot,inherited_slot,control,6,2,1,0.0018339999951422215,"{""checksum"": 114688, ""operations"": 16384, ""path"": ""inherited_slot""}"
inherited_R3,slot,inherited_slot,control,6,2,2,0.001835199975175783,"{""checksum"": 114688, ""operations"": 16384, ""path"": ""inherited_slot""}"
inherited_R3,slot,inherited_slot,control,6,2,3,0.0018139000167138875,"{""checksum"": 114688, ""operations"": 16384, ""path"": ""inherited_slot""}"
inherited_R3,slot,inherited_slot,control,6,2,4,0.001835799979744479,"{""checksum"": 114688, ""operations"": 16384, ""path"": ""inherited_slot""}"
inherited_R3,slot,inherited_slot,control,6,2,5,0.0019117000047117472,"{""checksum"": 114688, ""operations"": 16384, ""path"": ""inherited_slot""}"
inherited_R3,slot,inherited_slot,control,7,1,1,0.0018229999986942858,"{""checksum"": 114688, ""operations"": 16384, ""path"": ""inherited_slot""}"
inherited_R3,slot,inherited_slot,control,7,1,2,0.0020243999897502363,"{""checksum"": 114688, ""operations"": 16384, ""path"": ""inherited_slot""}"
inherited_R3,slot,inherited_slot,control,7,1,3,0.0020388999837450683,"{""checksum"": 114688, ""operations"": 16384, ""path"": ""inherited_slot""}"
inherited_R3,slot,inherited_slot,control,7,1,4,0.0018582000047899783,"{""checksum"": 114688, ""operations"": 16384, ""path"": ""inherited_slot""}"
inherited_R3,slot,inherited_slot,control,7,1,5,0.0018463000014889985,"{""checksum"": 114688, ""operations"": 16384, ""path"": ""inherited_slot""}"
inherited_R3,slot,inherited_slot,candidate,7,2,1,0.0008981999999377877,"{""checksum"": 114688, ""operations"": 16384, ""path"": ""inherited_slot""}"
inherited_R3,slot,inherited_slot,candidate,7,2,2,0.0008900999964680523,"{""checksum"": 114688, ""operations"": 16384, ""path"": ""inherited_slot""}"
inherited_R3,slot,inherited_slot,candidate,7,2,3,0.0009263000101782382,"{""checksum"": 114688, ""operations"": 16384, ""path"": ""inherited_slot""}"
inherited_R3,slot,inherited_slot,candidate,7,2,4,0.0008963999862316996,"{""checksum"": 114688, ""operations"": 16384, ""path"": ""inherited_slot""}"
inherited_R3,slot,inherited_slot,candidate,7,2,5,0.0009000000136438757,"{""checksum"": 114688, ""operations"": 16384, ""path"": ""inherited_slot""}"
inherited_R3,slot,ordinary_attr,cpython3147,,,1,0.00032759999157860875,"{""checksum"": 114688, ""operations"": 16384, ""path"": ""ordinary_attr""}"
inherited_R3,slot,ordinary_attr,cpython3147,,,2,0.00043009998626075685,"{""checksum"": 114688, ""operations"": 16384, ""path"": ""ordinary_attr""}"
inherited_R3,slot,ordinary_attr,cpython3147,,,3,0.00033939999411813915,"{""checksum"": 114688, ""operations"": 16384, ""path"": ""ordinary_attr""}"
inherited_R3,slot,ordinary_attr,cpython3147,,,4,0.0003335000074002892,"{""checksum"": 114688, ""operations"": 16384, ""path"": ""ordinary_attr""}"
inherited_R3,slot,ordinary_attr,cpython3147,,,5,0.00034100000630132854,"{""checksum"": 114688, ""operations"": 16384, ""path"": ""ordinary_attr""}"
inherited_R3,slot,ordinary_attr,control,1,1,1,0.0010588000004645437,"{""checksum"": 114688, ""operations"": 16384, ""path"": ""ordinary_attr""}"
inherited_R3,slot,ordinary_attr,control,1,1,2,0.0010716000106185675,"{""checksum"": 114688, ""operations"": 16384, ""path"": ""ordinary_attr""}"
inherited_R3,slot,ordinary_attr,control,1,1,3,0.0011924999998882413,"{""checksum"": 114688, ""operations"": 16384, ""path"": ""ordinary_attr""}"
inherited_R3,slot,ordinary_attr,control,1,1,4,0.0010903000074904412,"{""checksum"": 114688, ""operations"": 16384, ""path"": ""ordinary_attr""}"
inherited_R3,slot,ordinary_attr,control,1,1,5,0.0011787999828811735,"{""checksum"": 114688, ""operations"": 16384, ""path"": ""ordinary_attr""}"
inherited_R3,slot,ordinary_attr,candidate,1,2,1,0.0009897999989334494,"{""checksum"": 114688, ""operations"": 16384, ""path"": ""ordinary_attr""}"
inherited_R3,slot,ordinary_attr,candidate,1,2,2,0.000994600006379187,"{""checksum"": 114688, ""operations"": 16384, ""path"": ""ordinary_attr""}"
inherited_R3,slot,ordinary_attr,candidate,1,2,3,0.0009769999887794256,"{""checksum"": 114688, ""operations"": 16384, ""path"": ""ordinary_attr""}"
inherited_R3,slot,ordinary_attr,candidate,1,2,4,0.000995899987174198,"{""checksum"": 114688, ""operations"": 16384, ""path"": ""ordinary_attr""}"
inherited_R3,slot,ordinary_attr,candidate,1,2,5,0.0010194999922532588,"{""checksum"": 114688, ""operations"": 16384, ""path"": ""ordinary_attr""}"
inherited_R3,slot,ordinary_attr,candidate,2,1,1,0.0009788000024855137,"{""checksum"": 114688, ""operations"": 16384, ""path"": ""ordinary_attr""}"
inherited_R3,slot,ordinary_attr,candidate,2,1,2,0.0010157999931834638,"{""checksum"": 114688, ""operations"": 16384, ""path"": ""ordinary_attr""}"
inherited_R3,slot,ordinary_attr,candidate,2,1,3,0.00102680001873523,"{""checksum"": 114688, ""operations"": 16384, ""path"": ""ordinary_attr""}"
inherited_R3,slot,ordinary_attr,candidate,2,1,4,0.0009998000168707222,"{""checksum"": 114688, ""operations"": 16384, ""path"": ""ordinary_attr""}"
inherited_R3,slot,ordinary_attr,candidate,2,1,5,0.0010058999760076404,"{""checksum"": 114688, ""operations"": 16384, ""path"": ""ordinary_attr""}"
inherited_R3,slot,ordinary_attr,control,2,2,1,0.0010930999997071922,"{""checksum"": 114688, ""operations"": 16384, ""path"": ""ordinary_attr""}"
inherited_R3,slot,ordinary_attr,control,2,2,2,0.0010743000020738691,"{""checksum"": 114688, ""operations"": 16384, ""path"": ""ordinary_attr""}"
inherited_R3,slot,ordinary_attr,control,2,2,3,0.0010687000176403672,"{""checksum"": 114688, ""operations"": 16384, ""path"": ""ordinary_attr""}"
inherited_R3,slot,ordinary_attr,control,2,2,4,0.0012848000042140484,"{""checksum"": 114688, ""operations"": 16384, ""path"": ""ordinary_attr""}"
inherited_R3,slot,ordinary_attr,control,2,2,5,0.0011679000162985176,"{""checksum"": 114688, ""operations"": 16384, ""path"": ""ordinary_attr""}"
inherited_R3,slot,ordinary_attr,control,3,1,1,0.0010737999982666224,"{""checksum"": 114688, ""operations"": 16384, ""path"": ""ordinary_attr""}"
inherited_R3,slot,ordinary_attr,control,3,1,2,0.0011034999915864319,"{""checksum"": 114688, ""operations"": 16384, ""path"": ""ordinary_attr""}"
inherited_R3,slot,ordinary_attr,control,3,1,3,0.0011097999813500792,"{""checksum"": 114688, ""operations"": 16384, ""path"": ""ordinary_attr""}"
inherited_R3,slot,ordinary_attr,control,3,1,4,0.0010810999956447631,"{""checksum"": 114688, ""operations"": 16384, ""path"": ""ordinary_attr""}"
inherited_R3,slot,ordinary_attr,control,3,1,5,0.0012136000150348991,"{""checksum"": 114688, ""operations"": 16384, ""path"": ""ordinary_attr""}"
inherited_R3,slot,ordinary_attr,candidate,3,2,1,0.0009827000030782074,"{""checksum"": 114688, ""operations"": 16384, ""path"": ""ordinary_attr""}"
inherited_R3,slot,ordinary_attr,candidate,3,2,2,0.000996799994027242,"{""checksum"": 114688, ""operations"": 16384, ""path"": ""ordinary_attr""}"
inherited_R3,slot,ordinary_attr,candidate,3,2,3,0.0009634000016376376,"{""checksum"": 114688, ""operations"": 16384, ""path"": ""ordinary_attr""}"
inherited_R3,slot,ordinary_attr,candidate,3,2,4,0.0010661999986041337,"{""checksum"": 114688, ""operations"": 16384, ""path"": ""ordinary_attr""}"
inherited_R3,slot,ordinary_attr,candidate,3,2,5,0.000999899988528341,"{""checksum"": 114688, ""operations"": 16384, ""path"": ""ordinary_attr""}"
inherited_R3,slot,ordinary_attr,candidate,4,1,1,0.0010658999963197857,"{""checksum"": 114688, ""operations"": 16384, ""path"": ""ordinary_attr""}"
inherited_R3,slot,ordinary_attr,candidate,4,1,2,0.0010418999881949276,"{""checksum"": 114688, ""operations"": 16384, ""path"": ""ordinary_attr""}"
inherited_R3,slot,ordinary_attr,candidate,4,1,3,0.001028700004098937,"{""checksum"": 114688, ""operations"": 16384, ""path"": ""ordinary_attr""}"
inherited_R3,slot,ordinary_attr,candidate,4,1,4,0.0010447999811731279,"{""checksum"": 114688, ""operations"": 16384, ""path"": ""ordinary_attr""}"
inherited_R3,slot,ordinary_attr,candidate,4,1,5,0.0010492000146768987,"{""checksum"": 114688, ""operations"": 16384, ""path"": ""ordinary_attr""}"
inherited_R3,slot,ordinary_attr,control,4,2,1,0.0012407999893184751,"{""checksum"": 114688, ""operations"": 16384, ""path"": ""ordinary_attr""}"
inherited_R3,slot,ordinary_attr,control,4,2,2,0.0011897000076714903,"{""checksum"": 114688, ""operations"": 16384, ""path"": ""ordinary_attr""}"
inherited_R3,slot,ordinary_attr,control,4,2,3,0.0011769999982789159,"{""checksum"": 114688, ""operations"": 16384, ""path"": ""ordinary_attr""}"
inherited_R3,slot,ordinary_attr,control,4,2,4,0.0010846999939531088,"{""checksum"": 114688, ""operations"": 16384, ""path"": ""ordinary_attr""}"
inherited_R3,slot,ordinary_attr,control,4,2,5,0.0010890999983530492,"{""checksum"": 114688, ""operations"": 16384, ""path"": ""ordinary_attr""}"
inherited_R3,slot,ordinary_attr,control,5,1,1,0.0011667000071611255,"{""checksum"": 114688, ""operations"": 16384, ""path"": ""ordinary_attr""}"
inherited_R3,slot,ordinary_attr,control,5,1,2,0.0012026999902445823,"{""checksum"": 114688, ""operations"": 16384, ""path"": ""ordinary_attr""}"
inherited_R3,slot,ordinary_attr,control,5,1,3,0.0011035999923478812,"{""checksum"": 114688, ""operations"": 16384, ""path"": ""ordinary_attr""}"
inherited_R3,slot,ordinary_attr,control,5,1,4,0.0010617999942041934,"{""checksum"": 114688, ""operations"": 16384, ""path"": ""ordinary_attr""}"
inherited_R3,slot,ordinary_attr,control,5,1,5,0.0011034999915864319,"{""checksum"": 114688, ""operations"": 16384, ""path"": ""ordinary_attr""}"
inherited_R3,slot,ordinary_attr,candidate,5,2,1,0.0009893000242300332,"{""checksum"": 114688, ""operations"": 16384, ""path"": ""ordinary_attr""}"
inherited_R3,slot,ordinary_attr,candidate,5,2,2,0.0010240999981760979,"{""checksum"": 114688, ""operations"": 16384, ""path"": ""ordinary_attr""}"
inherited_R3,slot,ordinary_attr,candidate,5,2,3,0.0010053000005427748,"{""checksum"": 114688, ""operations"": 16384, ""path"": ""ordinary_attr""}"
inherited_R3,slot,ordinary_attr,candidate,5,2,4,0.0010000000183936208,"{""checksum"": 114688, ""operations"": 16384, ""path"": ""ordinary_attr""}"
inherited_R3,slot,ordinary_attr,candidate,5,2,5,0.000996199989458546,"{""checksum"": 114688, ""operations"": 16384, ""path"": ""ordinary_attr""}"
inherited_R3,slot,ordinary_attr,candidate,6,1,1,0.0009996999870054424,"{""checksum"": 114688, ""operations"": 16384, ""path"": ""ordinary_attr""}"
inherited_R3,slot,ordinary_attr,candidate,6,1,2,0.0011505000002216548,"{""checksum"": 114688, ""operations"": 16384, ""path"": ""ordinary_attr""}"
inherited_R3,slot,ordinary_attr,candidate,6,1,3,0.0010130000009667128,"{""checksum"": 114688, ""operations"": 16384, ""path"": ""ordinary_attr""}"
inherited_R3,slot,ordinary_attr,candidate,6,1,4,0.0010571999882813543,"{""checksum"": 114688, ""operations"": 16384, ""path"": ""ordinary_attr""}"
inherited_R3,slot,ordinary_attr,candidate,6,1,5,0.001098200009437278,"{""checksum"": 114688, ""operations"": 16384, ""path"": ""ordinary_attr""}"
inherited_R3,slot,ordinary_attr,control,6,2,1,0.0010820000024978071,"{""checksum"": 114688, ""operations"": 16384, ""path"": ""ordinary_attr""}"
inherited_R3,slot,ordinary_attr,control,6,2,2,0.0010861999762710184,"{""checksum"": 114688, ""operations"": 16384, ""path"": ""ordinary_attr""}"
inherited_R3,slot,ordinary_attr,control,6,2,3,0.0010902000067289919,"{""checksum"": 114688, ""operations"": 16384, ""path"": ""ordinary_attr""}"
inherited_R3,slot,ordinary_attr,control,6,2,4,0.0010991999879479408,"{""checksum"": 114688, ""operations"": 16384, ""path"": ""ordinary_attr""}"
inherited_R3,slot,ordinary_attr,control,6,2,5,0.0011464999988675117,"{""checksum"": 114688, ""operations"": 16384, ""path"": ""ordinary_attr""}"
inherited_R3,slot,ordinary_attr,control,7,1,1,0.0010830000101123005,"{""checksum"": 114688, ""operations"": 16384, ""path"": ""ordinary_attr""}"
inherited_R3,slot,ordinary_attr,control,7,1,2,0.00112749999971129,"{""checksum"": 114688, ""operations"": 16384, ""path"": ""ordinary_attr""}"
inherited_R3,slot,ordinary_attr,control,7,1,3,0.0010636999795679003,"{""checksum"": 114688, ""operations"": 16384, ""path"": ""ordinary_attr""}"
inherited_R3,slot,ordinary_attr,control,7,1,4,0.0011000999948009849,"{""checksum"": 114688, ""operations"": 16384, ""path"": ""ordinary_attr""}"
inherited_R3,slot,ordinary_attr,control,7,1,5,0.0010455000156071037,"{""checksum"": 114688, ""operations"": 16384, ""path"": ""ordinary_attr""}"
inherited_R3,slot,ordinary_attr,candidate,7,2,1,0.0009854999952949584,"{""checksum"": 114688, ""operations"": 16384, ""path"": ""ordinary_attr""}"
inherited_R3,slot,ordinary_attr,candidate,7,2,2,0.0009827000030782074,"{""checksum"": 114688, ""operations"": 16384, ""path"": ""ordinary_attr""}"
inherited_R3,slot,ordinary_attr,candidate,7,2,3,0.0010006999946199358,"{""checksum"": 114688, ""operations"": 16384, ""path"": ""ordinary_attr""}"
inherited_R3,slot,ordinary_attr,candidate,7,2,4,0.000977399991825223,"{""checksum"": 114688, ""operations"": 16384, ""path"": ""ordinary_attr""}"
inherited_R3,slot,ordinary_attr,candidate,7,2,5,0.0010082999942824244,"{""checksum"": 114688, ""operations"": 16384, ""path"": ""ordinary_attr""}"
inherited_R3,sqlglot_parse,sqlglot_v2_parse,cpython3147,,,1,0.0009720999980345369,"{""canonical_sql_sha256"": ""145459afed16b46642f0584b2afcf2011b4c5ba107804c34d4a8245c9464363a"", ""parses_per_sample"": 10, ""path"": ""sqlglot_v2_parse""}"
inherited_R3,sqlglot_parse,sqlglot_v2_parse,cpython3147,,,2,0.0009600899997167289,"{""canonical_sql_sha256"": ""145459afed16b46642f0584b2afcf2011b4c5ba107804c34d4a8245c9464363a"", ""parses_per_sample"": 10, ""path"": ""sqlglot_v2_parse""}"
inherited_R3,sqlglot_parse,sqlglot_v2_parse,cpython3147,,,3,0.001082470000255853,"{""canonical_sql_sha256"": ""145459afed16b46642f0584b2afcf2011b4c5ba107804c34d4a8245c9464363a"", ""parses_per_sample"": 10, ""path"": ""sqlglot_v2_parse""}"
inherited_R3,sqlglot_parse,sqlglot_v2_parse,cpython3147,,,4,0.000937860002159141,"{""canonical_sql_sha256"": ""145459afed16b46642f0584b2afcf2011b4c5ba107804c34d4a8245c9464363a"", ""parses_per_sample"": 10, ""path"": ""sqlglot_v2_parse""}"
inherited_R3,sqlglot_parse,sqlglot_v2_parse,cpython3147,,,5,0.000948519998928532,"{""canonical_sql_sha256"": ""145459afed16b46642f0584b2afcf2011b4c5ba107804c34d4a8245c9464363a"", ""parses_per_sample"": 10, ""path"": ""sqlglot_v2_parse""}"
inherited_R3,sqlglot_parse,sqlglot_v2_parse,control,1,1,1,0.018800640001427383,"{""canonical_sql_sha256"": ""145459afed16b46642f0584b2afcf2011b4c5ba107804c34d4a8245c9464363a"", ""parses_per_sample"": 10, ""path"": ""sqlglot_v2_parse""}"
inherited_R3,sqlglot_parse,sqlglot_v2_parse,control,1,1,2,0.018755740005872212,"{""canonical_sql_sha256"": ""145459afed16b46642f0584b2afcf2011b4c5ba107804c34d4a8245c9464363a"", ""parses_per_sample"": 10, ""path"": ""sqlglot_v2_parse""}"
inherited_R3,sqlglot_parse,sqlglot_v2_parse,control,1,1,3,0.018432069997652435,"{""canonical_sql_sha256"": ""145459afed16b46642f0584b2afcf2011b4c5ba107804c34d4a8245c9464363a"", ""parses_per_sample"": 10, ""path"": ""sqlglot_v2_parse""}"
inherited_R3,sqlglot_parse,sqlglot_v2_parse,control,1,1,4,0.018637649997253904,"{""canonical_sql_sha256"": ""145459afed16b46642f0584b2afcf2011b4c5ba107804c34d4a8245c9464363a"", ""parses_per_sample"": 10, ""path"": ""sqlglot_v2_parse""}"
inherited_R3,sqlglot_parse,sqlglot_v2_parse,control,1,1,5,0.018701200003852135,"{""canonical_sql_sha256"": ""145459afed16b46642f0584b2afcf2011b4c5ba107804c34d4a8245c9464363a"", ""parses_per_sample"": 10, ""path"": ""sqlglot_v2_parse""}"
inherited_R3,sqlglot_parse,sqlglot_v2_parse,candidate,1,2,1,0.018429320002906025,"{""canonical_sql_sha256"": ""145459afed16b46642f0584b2afcf2011b4c5ba107804c34d4a8245c9464363a"", ""parses_per_sample"": 10, ""path"": ""sqlglot_v2_parse""}"
inherited_R3,sqlglot_parse,sqlglot_v2_parse,candidate,1,2,2,0.018476660005399027,"{""canonical_sql_sha256"": ""145459afed16b46642f0584b2afcf2011b4c5ba107804c34d4a8245c9464363a"", ""parses_per_sample"": 10, ""path"": ""sqlglot_v2_parse""}"
inherited_R3,sqlglot_parse,sqlglot_v2_parse,candidate,1,2,3,0.018200649999198504,"{""canonical_sql_sha256"": ""145459afed16b46642f0584b2afcf2011b4c5ba107804c34d4a8245c9464363a"", ""parses_per_sample"": 10, ""path"": ""sqlglot_v2_parse""}"
inherited_R3,sqlglot_parse,sqlglot_v2_parse,candidate,1,2,4,0.01830054999445565,"{""canonical_sql_sha256"": ""145459afed16b46642f0584b2afcf2011b4c5ba107804c34d4a8245c9464363a"", ""parses_per_sample"": 10, ""path"": ""sqlglot_v2_parse""}"
inherited_R3,sqlglot_parse,sqlglot_v2_parse,candidate,1,2,5,0.018499739997787402,"{""canonical_sql_sha256"": ""145459afed16b46642f0584b2afcf2011b4c5ba107804c34d4a8245c9464363a"", ""parses_per_sample"": 10, ""path"": ""sqlglot_v2_parse""}"
inherited_R3,sqlglot_parse,sqlglot_v2_parse,candidate,2,1,1,0.01828544999298174,"{""canonical_sql_sha256"": ""145459afed16b46642f0584b2afcf2011b4c5ba107804c34d4a8245c9464363a"", ""parses_per_sample"": 10, ""path"": ""sqlglot_v2_parse""}"
inherited_R3,sqlglot_parse,sqlglot_v2_parse,candidate,2,1,2,0.0182335100020282,"{""canonical_sql_sha256"": ""145459afed16b46642f0584b2afcf2011b4c5ba107804c34d4a8245c9464363a"", ""parses_per_sample"": 10, ""path"": ""sqlglot_v2_parse""}"
inherited_R3,sqlglot_parse,sqlglot_v2_parse,candidate,2,1,3,0.018352699998649767,"{""canonical_sql_sha256"": ""145459afed16b46642f0584b2afcf2011b4c5ba107804c34d4a8245c9464363a"", ""parses_per_sample"": 10, ""path"": ""sqlglot_v2_parse""}"
inherited_R3,sqlglot_parse,sqlglot_v2_parse,candidate,2,1,4,0.018186430010246113,"{""canonical_sql_sha256"": ""145459afed16b46642f0584b2afcf2011b4c5ba107804c34d4a8245c9464363a"", ""parses_per_sample"": 10, ""path"": ""sqlglot_v2_parse""}"
inherited_R3,sqlglot_parse,sqlglot_v2_parse,candidate,2,1,5,0.01831561000435613,"{""canonical_sql_sha256"": ""145459afed16b46642f0584b2afcf2011b4c5ba107804c34d4a8245c9464363a"", ""parses_per_sample"": 10, ""path"": ""sqlglot_v2_parse""}"
inherited_R3,sqlglot_parse,sqlglot_v2_parse,control,2,2,1,0.018948169995564968,"{""canonical_sql_sha256"": ""145459afed16b46642f0584b2afcf2011b4c5ba107804c34d4a8245c9464363a"", ""parses_per_sample"": 10, ""path"": ""sqlglot_v2_parse""}"
inherited_R3,sqlglot_parse,sqlglot_v2_parse,control,2,2,2,0.018189279999933205,"{""canonical_sql_sha256"": ""145459afed16b46642f0584b2afcf2011b4c5ba107804c34d4a8245c9464363a"", ""parses_per_sample"": 10, ""path"": ""sqlglot_v2_parse""}"
inherited_R3,sqlglot_parse,sqlglot_v2_parse,control,2,2,3,0.018733549996977673,"{""canonical_sql_sha256"": ""145459afed16b46642f0584b2afcf2011b4c5ba107804c34d4a8245c9464363a"", ""parses_per_sample"": 10, ""path"": ""sqlglot_v2_parse""}"
inherited_R3,sqlglot_parse,sqlglot_v2_parse,control,2,2,4,0.018331709995982236,"{""canonical_sql_sha256"": ""145459afed16b46642f0584b2afcf2011b4c5ba107804c34d4a8245c9464363a"", ""parses_per_sample"": 10, ""path"": ""sqlglot_v2_parse""}"
inherited_R3,sqlglot_parse,sqlglot_v2_parse,control,2,2,5,0.019601929996861146,"{""canonical_sql_sha256"": ""145459afed16b46642f0584b2afcf2011b4c5ba107804c34d4a8245c9464363a"", ""parses_per_sample"": 10, ""path"": ""sqlglot_v2_parse""}"
inherited_R3,sqlglot_parse,sqlglot_v2_parse,control,3,1,1,0.018749660000321456,"{""canonical_sql_sha256"": ""145459afed16b46642f0584b2afcf2011b4c5ba107804c34d4a8245c9464363a"", ""parses_per_sample"": 10, ""path"": ""sqlglot_v2_parse""}"
inherited_R3,sqlglot_parse,sqlglot_v2_parse,control,3,1,2,0.01883680000610184,"{""canonical_sql_sha256"": ""145459afed16b46642f0584b2afcf2011b4c5ba107804c34d4a8245c9464363a"", ""parses_per_sample"": 10, ""path"": ""sqlglot_v2_parse""}"
inherited_R3,sqlglot_parse,sqlglot_v2_parse,control,3,1,3,0.01878749999741558,"{""canonical_sql_sha256"": ""145459afed16b46642f0584b2afcf2011b4c5ba107804c34d4a8245c9464363a"", ""parses_per_sample"": 10, ""path"": ""sqlglot_v2_parse""}"
inherited_R3,sqlglot_parse,sqlglot_v2_parse,control,3,1,4,0.01879676000389736,"{""canonical_sql_sha256"": ""145459afed16b46642f0584b2afcf2011b4c5ba107804c34d4a8245c9464363a"", ""parses_per_sample"": 10, ""path"": ""sqlglot_v2_parse""}"
inherited_R3,sqlglot_parse,sqlglot_v2_parse,control,3,1,5,0.018716360002872533,"{""canonical_sql_sha256"": ""145459afed16b46642f0584b2afcf2011b4c5ba107804c34d4a8245c9464363a"", ""parses_per_sample"": 10, ""path"": ""sqlglot_v2_parse""}"
inherited_R3,sqlglot_parse,sqlglot_v2_parse,candidate,3,2,1,0.01830930000578519,"{""canonical_sql_sha256"": ""145459afed16b46642f0584b2afcf2011b4c5ba107804c34d4a8245c9464363a"", ""parses_per_sample"": 10, ""path"": ""sqlglot_v2_parse""}"
inherited_R3,sqlglot_parse,sqlglot_v2_parse,candidate,3,2,2,0.018105660000583158,"{""canonical_sql_sha256"": ""145459afed16b46642f0584b2afcf2011b4c5ba107804c34d4a8245c9464363a"", ""parses_per_sample"": 10, ""path"": ""sqlglot_v2_parse""}"
inherited_R3,sqlglot_parse,sqlglot_v2_parse,candidate,3,2,3,0.01824088999419473,"{""canonical_sql_sha256"": ""145459afed16b46642f0584b2afcf2011b4c5ba107804c34d4a8245c9464363a"", ""parses_per_sample"": 10, ""path"": ""sqlglot_v2_parse""}"
inherited_R3,sqlglot_parse,sqlglot_v2_parse,candidate,3,2,4,0.018094949997612277,"{""canonical_sql_sha256"": ""145459afed16b46642f0584b2afcf2011b4c5ba107804c34d4a8245c9464363a"", ""parses_per_sample"": 10, ""path"": ""sqlglot_v2_parse""}"
inherited_R3,sqlglot_parse,sqlglot_v2_parse,candidate,3,2,5,0.018011239997576922,"{""canonical_sql_sha256"": ""145459afed16b46642f0584b2afcf2011b4c5ba107804c34d4a8245c9464363a"", ""parses_per_sample"": 10, ""path"": ""sqlglot_v2_parse""}"
inherited_R3,sqlglot_parse,sqlglot_v2_parse,candidate,4,1,1,0.018317999999271705,"{""canonical_sql_sha256"": ""145459afed16b46642f0584b2afcf2011b4c5ba107804c34d4a8245c9464363a"", ""parses_per_sample"": 10, ""path"": ""sqlglot_v2_parse""}"
inherited_R3,sqlglot_parse,sqlglot_v2_parse,candidate,4,1,2,0.0182924799999455,"{""canonical_sql_sha256"": ""145459afed16b46642f0584b2afcf2011b4c5ba107804c34d4a8245c9464363a"", ""parses_per_sample"": 10, ""path"": ""sqlglot_v2_parse""}"
inherited_R3,sqlglot_parse,sqlglot_v2_parse,candidate,4,1,3,0.018898419998004103,"{""canonical_sql_sha256"": ""145459afed16b46642f0584b2afcf2011b4c5ba107804c34d4a8245c9464363a"", ""parses_per_sample"": 10, ""path"": ""sqlglot_v2_parse""}"
inherited_R3,sqlglot_parse,sqlglot_v2_parse,candidate,4,1,4,0.020357389992568642,"{""canonical_sql_sha256"": ""145459afed16b46642f0584b2afcf2011b4c5ba107804c34d4a8245c9464363a"", ""parses_per_sample"": 10, ""path"": ""sqlglot_v2_parse""}"
inherited_R3,sqlglot_parse,sqlglot_v2_parse,candidate,4,1,5,0.01924986000813078,"{""canonical_sql_sha256"": ""145459afed16b46642f0584b2afcf2011b4c5ba107804c34d4a8245c9464363a"", ""parses_per_sample"": 10, ""path"": ""sqlglot_v2_parse""}"
inherited_R3,sqlglot_parse,sqlglot_v2_parse,control,4,2,1,0.018830099995830095,"{""canonical_sql_sha256"": ""145459afed16b46642f0584b2afcf2011b4c5ba107804c34d4a8245c9464363a"", ""parses_per_sample"": 10, ""path"": ""sqlglot_v2_parse""}"
inherited_R3,sqlglot_parse,sqlglot_v2_parse,control,4,2,2,0.01953413999581244,"{""canonical_sql_sha256"": ""145459afed16b46642f0584b2afcf2011b4c5ba107804c34d4a8245c9464363a"", ""parses_per_sample"": 10, ""path"": ""sqlglot_v2_parse""}"
inherited_R3,sqlglot_parse,sqlglot_v2_parse,control,4,2,3,0.01873914000170771,"{""canonical_sql_sha256"": ""145459afed16b46642f0584b2afcf2011b4c5ba107804c34d4a8245c9464363a"", ""parses_per_sample"": 10, ""path"": ""sqlglot_v2_parse""}"
inherited_R3,sqlglot_parse,sqlglot_v2_parse,control,4,2,4,0.018761000005179086,"{""canonical_sql_sha256"": ""145459afed16b46642f0584b2afcf2011b4c5ba107804c34d4a8245c9464363a"", ""parses_per_sample"": 10, ""path"": ""sqlglot_v2_parse""}"
inherited_R3,sqlglot_parse,sqlglot_v2_parse,control,4,2,5,0.018831090000458062,"{""canonical_sql_sha256"": ""145459afed16b46642f0584b2afcf2011b4c5ba107804c34d4a8245c9464363a"", ""parses_per_sample"": 10, ""path"": ""sqlglot_v2_parse""}"
inherited_R3,sqlglot_parse,sqlglot_v2_parse,control,5,1,1,0.01850096000125632,"{""canonical_sql_sha256"": ""145459afed16b46642f0584b2afcf2011b4c5ba107804c34d4a8245c9464363a"", ""parses_per_sample"": 10, ""path"": ""sqlglot_v2_parse""}"
inherited_R3,sqlglot_parse,sqlglot_v2_parse,control,5,1,2,0.018589510006131606,"{""canonical_sql_sha256"": ""145459afed16b46642f0584b2afcf2011b4c5ba107804c34d4a8245c9464363a"", ""parses_per_sample"": 10, ""path"": ""sqlglot_v2_parse""}"
inherited_R3,sqlglot_parse,sqlglot_v2_parse,control,5,1,3,0.018581220004125498,"{""canonical_sql_sha256"": ""145459afed16b46642f0584b2afcf2011b4c5ba107804c34d4a8245c9464363a"", ""parses_per_sample"": 10, ""path"": ""sqlglot_v2_parse""}"
inherited_R3,sqlglot_parse,sqlglot_v2_parse,control,5,1,4,0.0187018700002227,"{""canonical_sql_sha256"": ""145459afed16b46642f0584b2afcf2011b4c5ba107804c34d4a8245c9464363a"", ""parses_per_sample"": 10, ""path"": ""sqlglot_v2_parse""}"
inherited_R3,sqlglot_parse,sqlglot_v2_parse,control,5,1,5,0.019132620000164025,"{""canonical_sql_sha256"": ""145459afed16b46642f0584b2afcf2011b4c5ba107804c34d4a8245c9464363a"", ""parses_per_sample"": 10, ""path"": ""sqlglot_v2_parse""}"
inherited_R3,sqlglot_parse,sqlglot_v2_parse,candidate,5,2,1,0.01827865000523161,"{""canonical_sql_sha256"": ""145459afed16b46642f0584b2afcf2011b4c5ba107804c34d4a8245c9464363a"", ""parses_per_sample"": 10, ""path"": ""sqlglot_v2_parse""}"
inherited_R3,sqlglot_parse,sqlglot_v2_parse,candidate,5,2,2,0.018182230001548304,"{""canonical_sql_sha256"": ""145459afed16b46642f0584b2afcf2011b4c5ba107804c34d4a8245c9464363a"", ""parses_per_sample"": 10, ""path"": ""sqlglot_v2_parse""}"
inherited_R3,sqlglot_parse,sqlglot_v2_parse,candidate,5,2,3,0.01800801999634132,"{""canonical_sql_sha256"": ""145459afed16b46642f0584b2afcf2011b4c5ba107804c34d4a8245c9464363a"", ""parses_per_sample"": 10, ""path"": ""sqlglot_v2_parse""}"
inherited_R3,sqlglot_parse,sqlglot_v2_parse,candidate,5,2,4,0.018565150003996677,"{""canonical_sql_sha256"": ""145459afed16b46642f0584b2afcf2011b4c5ba107804c34d4a8245c9464363a"", ""parses_per_sample"": 10, ""path"": ""sqlglot_v2_parse""}"
inherited_R3,sqlglot_parse,sqlglot_v2_parse,candidate,5,2,5,0.018058850002125836,"{""canonical_sql_sha256"": ""145459afed16b46642f0584b2afcf2011b4c5ba107804c34d4a8245c9464363a"", ""parses_per_sample"": 10, ""path"": ""sqlglot_v2_parse""}"
inherited_R3,sqlglot_parse,sqlglot_v2_parse,candidate,6,1,1,0.018652439996367322,"{""canonical_sql_sha256"": ""145459afed16b46642f0584b2afcf2011b4c5ba107804c34d4a8245c9464363a"", ""parses_per_sample"": 10, ""path"": ""sqlglot_v2_parse""}"
inherited_R3,sqlglot_parse,sqlglot_v2_parse,candidate,6,1,2,0.01845305000024382,"{""canonical_sql_sha256"": ""145459afed16b46642f0584b2afcf2011b4c5ba107804c34d4a8245c9464363a"", ""parses_per_sample"": 10, ""path"": ""sqlglot_v2_parse""}"
inherited_R3,sqlglot_parse,sqlglot_v2_parse,candidate,6,1,3,0.018810279996250755,"{""canonical_sql_sha256"": ""145459afed16b46642f0584b2afcf2011b4c5ba107804c34d4a8245c9464363a"", ""parses_per_sample"": 10, ""path"": ""sqlglot_v2_parse""}"
inherited_R3,sqlglot_parse,sqlglot_v2_parse,candidate,6,1,4,0.018813370008138007,"{""canonical_sql_sha256"": ""145459afed16b46642f0584b2afcf2011b4c5ba107804c34d4a8245c9464363a"", ""parses_per_sample"": 10, ""path"": ""sqlglot_v2_parse""}"
inherited_R3,sqlglot_parse,sqlglot_v2_parse,candidate,6,1,5,0.019862749995081686,"{""canonical_sql_sha256"": ""145459afed16b46642f0584b2afcf2011b4c5ba107804c34d4a8245c9464363a"", ""parses_per_sample"": 10, ""path"": ""sqlglot_v2_parse""}"
inherited_R3,sqlglot_parse,sqlglot_v2_parse,control,6,2,1,0.018966159998672082,"{""canonical_sql_sha256"": ""145459afed16b46642f0584b2afcf2011b4c5ba107804c34d4a8245c9464363a"", ""parses_per_sample"": 10, ""path"": ""sqlglot_v2_parse""}"
inherited_R3,sqlglot_parse,sqlglot_v2_parse,control,6,2,2,0.018943689999287017,"{""canonical_sql_sha256"": ""145459afed16b46642f0584b2afcf2011b4c5ba107804c34d4a8245c9464363a"", ""parses_per_sample"": 10, ""path"": ""sqlglot_v2_parse""}"
inherited_R3,sqlglot_parse,sqlglot_v2_parse,control,6,2,3,0.019109369994839653,"{""canonical_sql_sha256"": ""145459afed16b46642f0584b2afcf2011b4c5ba107804c34d4a8245c9464363a"", ""parses_per_sample"": 10, ""path"": ""sqlglot_v2_parse""}"
inherited_R3,sqlglot_parse,sqlglot_v2_parse,control,6,2,4,0.018715620000148193,"{""canonical_sql_sha256"": ""145459afed16b46642f0584b2afcf2011b4c5ba107804c34d4a8245c9464363a"", ""parses_per_sample"": 10, ""path"": ""sqlglot_v2_parse""}"
inherited_R3,sqlglot_parse,sqlglot_v2_parse,control,6,2,5,0.018528239999432115,"{""canonical_sql_sha256"": ""145459afed16b46642f0584b2afcf2011b4c5ba107804c34d4a8245c9464363a"", ""parses_per_sample"": 10, ""path"": ""sqlglot_v2_parse""}"
inherited_R3,sqlglot_parse,sqlglot_v2_parse,control,7,1,1,0.01824135000642855,"{""canonical_sql_sha256"": ""145459afed16b46642f0584b2afcf2011b4c5ba107804c34d4a8245c9464363a"", ""parses_per_sample"": 10, ""path"": ""sqlglot_v2_parse""}"
inherited_R3,sqlglot_parse,sqlglot_v2_parse,control,7,1,2,0.018929100010427646,"{""canonical_sql_sha256"": ""145459afed16b46642f0584b2afcf2011b4c5ba107804c34d4a8245c9464363a"", ""parses_per_sample"": 10, ""path"": ""sqlglot_v2_parse""}"
inherited_R3,sqlglot_parse,sqlglot_v2_parse,control,7,1,3,0.018318449999787843,"{""canonical_sql_sha256"": ""145459afed16b46642f0584b2afcf2011b4c5ba107804c34d4a8245c9464363a"", ""parses_per_sample"": 10, ""path"": ""sqlglot_v2_parse""}"
inherited_R3,sqlglot_parse,sqlglot_v2_parse,control,7,1,4,0.018430270004319026,"{""canonical_sql_sha256"": ""145459afed16b46642f0584b2afcf2011b4c5ba107804c34d4a8245c9464363a"", ""parses_per_sample"": 10, ""path"": ""sqlglot_v2_parse""}"
inherited_R3,sqlglot_parse,sqlglot_v2_parse,control,7,1,5,0.019600119997630828,"{""canonical_sql_sha256"": ""145459afed16b46642f0584b2afcf2011b4c5ba107804c34d4a8245c9464363a"", ""parses_per_sample"": 10, ""path"": ""sqlglot_v2_parse""}"
inherited_R3,sqlglot_parse,sqlglot_v2_parse,candidate,7,2,1,0.018418380004004576,"{""canonical_sql_sha256"": ""145459afed16b46642f0584b2afcf2011b4c5ba107804c34d4a8245c9464363a"", ""parses_per_sample"": 10, ""path"": ""sqlglot_v2_parse""}"
inherited_R3,sqlglot_parse,sqlglot_v2_parse,candidate,7,2,2,0.019002969996654427,"{""canonical_sql_sha256"": ""145459afed16b46642f0584b2afcf2011b4c5ba107804c34d4a8245c9464363a"", ""parses_per_sample"": 10, ""path"": ""sqlglot_v2_parse""}"
inherited_R3,sqlglot_parse,sqlglot_v2_parse,candidate,7,2,3,0.01932685000356287,"{""canonical_sql_sha256"": ""145459afed16b46642f0584b2afcf2011b4c5ba107804c34d4a8245c9464363a"", ""parses_per_sample"": 10, ""path"": ""sqlglot_v2_parse""}"
inherited_R3,sqlglot_parse,sqlglot_v2_parse,candidate,7,2,4,0.018955909996293485,"{""canonical_sql_sha256"": ""145459afed16b46642f0584b2afcf2011b4c5ba107804c34d4a8245c9464363a"", ""parses_per_sample"": 10, ""path"": ""sqlglot_v2_parse""}"
inherited_R3,sqlglot_parse,sqlglot_v2_parse,candidate,7,2,5,0.01843535999942105,"{""canonical_sql_sha256"": ""145459afed16b46642f0584b2afcf2011b4c5ba107804c34d4a8245c9464363a"", ""parses_per_sample"": 10, ""path"": ""sqlglot_v2_parse""}"
