path,pair,runtime,sample,seconds,operations,checksum
string_dict_get,0,control,0,0.0018246000108774751,16384,278528
string_dict_get,0,control,1,0.00202829999034293,16384,278528
string_dict_get,0,control,2,0.0020043000113219023,16384,278528
string_dict_get,0,control,3,0.0017742000054568052,16384,278528
string_dict_get,0,control,4,0.0016542999946977943,16384,278528
python_key_dict_get,0,control,0,0.06102090000058524,16384,278528
python_key_dict_get,0,control,1,0.05523130000801757,16384,278528
python_key_dict_get,0,control,2,0.04912510002031922,16384,278528
python_key_dict_get,0,control,3,0.06650099999387749,16384,278528
python_key_dict_get,0,control,4,0.05185270000947639,16384,278528
builtin_hash_string,0,control,0,0.00695910002104938,16384,16384
builtin_hash_string,0,control,1,0.007147900003474206,16384,16384
builtin_hash_string,0,control,2,0.0077705000003334135,16384,16384
builtin_hash_string,0,control,3,0.007072999986121431,16384,16384
builtin_hash_string,0,control,4,0.006496600020909682,16384,16384
builtin_hash_python_key,0,control,0,0.06144780002068728,16384,16384
builtin_hash_python_key,0,control,1,0.03711459998157807,16384,16384
builtin_hash_python_key,0,control,2,0.04240230002324097,16384,16384
builtin_hash_python_key,0,control,3,0.04092160001164302,16384,16384
builtin_hash_python_key,0,control,4,0.033834700006991625,16384,16384
direct_python_hash_method,0,control,0,0.012411700008669868,16384,16384
direct_python_hash_method,0,control,1,0.012193400005344301,16384,16384
direct_python_hash_method,0,control,2,0.012508599989814684,16384,16384
direct_python_hash_method,0,control,3,0.013044999999692664,16384,16384
direct_python_hash_method,0,control,4,0.012488100008340552,16384,16384
saved_python_hash_method,0,control,0,0.01177290000487119,16384,16384
saved_python_hash_method,0,control,1,0.011302499973680824,16384,16384
saved_python_hash_method,0,control,2,0.01133290000143461,16384,16384
saved_python_hash_method,0,control,3,0.011333200003718957,16384,16384
saved_python_hash_method,0,control,4,0.011304799991194159,16384,16384
ordinary_python_hash_function,0,control,0,0.011815600009867921,16384,16384
ordinary_python_hash_function,0,control,1,0.01201890001539141,16384,16384
ordinary_python_hash_function,0,control,2,0.011831600015284494,16384,16384
ordinary_python_hash_function,0,control,3,0.012515999987954274,16384,16384
ordinary_python_hash_function,0,control,4,0.011911899986444041,16384,16384
ordinary_python_hash_wrapper,0,control,0,0.03835000001708977,16384,16384
ordinary_python_hash_wrapper,0,control,1,0.038756599999032915,16384,16384
ordinary_python_hash_wrapper,0,control,2,0.038589100004173815,16384,16384
ordinary_python_hash_wrapper,0,control,3,0.03896150001673959,16384,16384
ordinary_python_hash_wrapper,0,control,4,0.03880310000386089,16384,16384
string_dict_get,0,candidate,0,0.0018438000115565956,16384,278528
string_dict_get,0,candidate,1,0.0018512000096961856,16384,278528
string_dict_get,0,candidate,2,0.001859900017734617,16384,278528
string_dict_get,0,candidate,3,0.0018494999967515469,16384,278528
string_dict_get,0,candidate,4,0.0018395999795757234,16384,278528
python_key_dict_get,0,candidate,0,0.04385270000784658,16384,278528
python_key_dict_get,0,candidate,1,0.04388470001867972,16384,278528
python_key_dict_get,0,candidate,2,0.043995600019115955,16384,278528
python_key_dict_get,0,candidate,3,0.04429419999360107,16384,278528
python_key_dict_get,0,candidate,4,0.04410339999594726,16384,278528
builtin_hash_string,0,candidate,0,0.00601079998887144,16384,16384
builtin_hash_string,0,candidate,1,0.0061252999876160175,16384,16384
builtin_hash_string,0,candidate,2,0.005987299984553829,16384,16384
builtin_hash_string,0,candidate,3,0.00598119999631308,16384,16384
builtin_hash_string,0,candidate,4,0.006006600015098229,16384,16384
builtin_hash_python_key,0,candidate,0,0.03009000001475215,16384,16384
builtin_hash_python_key,0,candidate,1,0.031070299999555573,16384,16384
builtin_hash_python_key,0,candidate,2,0.030633000016678125,16384,16384
builtin_hash_python_key,0,candidate,3,0.031101100001251325,16384,16384
builtin_hash_python_key,0,candidate,4,0.030798600026173517,16384,16384
direct_python_hash_method,0,candidate,0,0.011943699995754287,16384,16384
direct_python_hash_method,0,candidate,1,0.012345600000116974,16384,16384
direct_python_hash_method,0,candidate,2,0.012056099978508428,16384,16384
direct_python_hash_method,0,candidate,3,0.01202029999694787,16384,16384
direct_python_hash_method,0,candidate,4,0.011998300004051998,16384,16384
saved_python_hash_method,0,candidate,0,0.012099300016416237,16384,16384
saved_python_hash_method,0,candidate,1,0.011533700017025694,16384,16384
saved_python_hash_method,0,candidate,2,0.011496899998746812,16384,16384
saved_python_hash_method,0,candidate,3,0.011501000000862405,16384,16384
saved_python_hash_method,0,candidate,4,0.011985800025286153,16384,16384
ordinary_python_hash_function,0,candidate,0,0.01251080000656657,16384,16384
ordinary_python_hash_function,0,candidate,1,0.011851099989144132,16384,16384
ordinary_python_hash_function,0,candidate,2,0.011830099974758923,16384,16384
ordinary_python_hash_function,0,candidate,3,0.011831700016045943,16384,16384
ordinary_python_hash_function,0,candidate,4,0.012883600022178143,16384,16384
ordinary_python_hash_wrapper,0,candidate,0,0.03713539999444038,16384,16384
ordinary_python_hash_wrapper,0,candidate,1,0.03707969997776672,16384,16384
ordinary_python_hash_wrapper,0,candidate,2,0.03641820000484586,16384,16384
ordinary_python_hash_wrapper,0,candidate,3,0.036193600011756644,16384,16384
ordinary_python_hash_wrapper,0,candidate,4,0.03757459999178536,16384,16384
string_dict_get,1,candidate,0,0.0018519999866839498,16384,278528
string_dict_get,1,candidate,1,0.001843499980168417,16384,278528
string_dict_get,1,candidate,2,0.001813200011383742,16384,278528
string_dict_get,1,candidate,3,0.0018378000240772963,16384,278528
string_dict_get,1,candidate,4,0.0018041000002995133,16384,278528
python_key_dict_get,1,candidate,0,0.0439143999828957,16384,278528
python_key_dict_get,1,candidate,1,0.044087499991292134,16384,278528
python_key_dict_get,1,candidate,2,0.04520330001832917,16384,278528
python_key_dict_get,1,candidate,3,0.04417999999714084,16384,278528
python_key_dict_get,1,candidate,4,0.044454900023993105,16384,278528
builtin_hash_string,1,candidate,0,0.005982399976346642,16384,16384
builtin_hash_string,1,candidate,1,0.006423400016501546,16384,16384
builtin_hash_string,1,candidate,2,0.00599900001543574,16384,16384
builtin_hash_string,1,candidate,3,0.0060335000162012875,16384,16384
builtin_hash_string,1,candidate,4,0.006113799987360835,16384,16384
builtin_hash_python_key,1,candidate,0,0.03046480001648888,16384,16384
builtin_hash_python_key,1,candidate,1,0.032197400025324896,16384,16384
builtin_hash_python_key,1,candidate,2,0.031077699997695163,16384,16384
builtin_hash_python_key,1,candidate,3,0.030865600012475625,16384,16384
builtin_hash_python_key,1,candidate,4,0.031176300020888448,16384,16384
direct_python_hash_method,1,candidate,0,0.01214919998892583,16384,16384
direct_python_hash_method,1,candidate,1,0.012324399984208867,16384,16384
direct_python_hash_method,1,candidate,2,0.012242299999343231,16384,16384
direct_python_hash_method,1,candidate,3,0.011997599998721853,16384,16384
direct_python_hash_method,1,candidate,4,0.012132700008805841,16384,16384
saved_python_hash_method,1,candidate,0,0.01139810000313446,16384,16384
saved_python_hash_method,1,candidate,1,0.01177730000927113,16384,16384
saved_python_hash_method,1,candidate,2,0.011380699987057596,16384,16384
saved_python_hash_method,1,candidate,3,0.011637800023891032,16384,16384
saved_python_hash_method,1,candidate,4,0.013177200016798452,16384,16384
ordinary_python_hash_function,1,candidate,0,0.012095000012777746,16384,16384
ordinary_python_hash_function,1,candidate,1,0.011733299994375557,16384,16384
ordinary_python_hash_function,1,candidate,2,0.012086300004739314,16384,16384
ordinary_python_hash_function,1,candidate,3,0.012513099994976074,16384,16384
ordinary_python_hash_function,1,candidate,4,0.01182309997966513,16384,16384
ordinary_python_hash_wrapper,1,candidate,0,0.03648579999571666,16384,16384
ordinary_python_hash_wrapper,1,candidate,1,0.037261699995724484,16384,16384
ordinary_python_hash_wrapper,1,candidate,2,0.03666819998761639,16384,16384
ordinary_python_hash_wrapper,1,candidate,3,0.03571580001153052,16384,16384
ordinary_python_hash_wrapper,1,candidate,4,0.036445299978367984,16384,16384
string_dict_get,1,control,0,0.0015888999914750457,16384,278528
string_dict_get,1,control,1,0.0015822999994270504,16384,278528
string_dict_get,1,control,2,0.0015819999971427023,16384,278528
string_dict_get,1,control,3,0.0015771000180393457,16384,278528
string_dict_get,1,control,4,0.0016123000241350383,16384,278528
python_key_dict_get,1,control,0,0.04536780001944862,16384,278528
python_key_dict_get,1,control,1,0.04604499999550171,16384,278528
python_key_dict_get,1,control,2,0.04674900000100024,16384,278528
python_key_dict_get,1,control,3,0.04711479999241419,16384,278528
python_key_dict_get,1,control,4,0.045308400003705174,16384,278528
builtin_hash_string,1,control,0,0.00591899998835288,16384,16384
builtin_hash_string,1,control,1,0.005934499989962205,16384,16384
builtin_hash_string,1,control,2,0.005945400014752522,16384,16384
builtin_hash_string,1,control,3,0.005906100006541237,16384,16384
builtin_hash_string,1,control,4,0.005954199994448572,16384,16384
builtin_hash_python_key,1,control,0,0.03141179998056032,16384,16384
builtin_hash_python_key,1,control,1,0.031410900002811104,16384,16384
builtin_hash_python_key,1,control,2,0.031791699992027134,16384,16384
builtin_hash_python_key,1,control,3,0.031800400000065565,16384,16384
builtin_hash_python_key,1,control,4,0.031203200021991506,16384,16384
direct_python_hash_method,1,control,0,0.011877600016305223,16384,16384
direct_python_hash_method,1,control,1,0.01186030000098981,16384,16384
direct_python_hash_method,1,control,2,0.012083600013284013,16384,16384
direct_python_hash_method,1,control,3,0.01198619999922812,16384,16384
direct_python_hash_method,1,control,4,0.01204400000278838,16384,16384
saved_python_hash_method,1,control,0,0.011419799993745983,16384,16384
saved_python_hash_method,1,control,1,0.011372500011930242,16384,16384
saved_python_hash_method,1,control,2,0.01124669998534955,16384,16384
saved_python_hash_method,1,control,3,0.011440000002039596,16384,16384
saved_python_hash_method,1,control,4,0.011324300023261458,16384,16384
ordinary_python_hash_function,1,control,0,0.011647200008155778,16384,16384
ordinary_python_hash_function,1,control,1,0.011709799990057945,16384,16384
ordinary_python_hash_function,1,control,2,0.012844300013966858,16384,16384
ordinary_python_hash_function,1,control,3,0.012003700016066432,16384,16384
ordinary_python_hash_function,1,control,4,0.011940800002776086,16384,16384
ordinary_python_hash_wrapper,1,control,0,0.03734339997754432,16384,16384
ordinary_python_hash_wrapper,1,control,1,0.037379899993538857,16384,16384
ordinary_python_hash_wrapper,1,control,2,0.03698810000787489,16384,16384
ordinary_python_hash_wrapper,1,control,3,0.037061699986224994,16384,16384
ordinary_python_hash_wrapper,1,control,4,0.03715970000484958,16384,16384
string_dict_get,2,control,0,0.0015915000112727284,16384,278528
string_dict_get,2,control,1,0.0016084999951999635,16384,278528
string_dict_get,2,control,2,0.001564000005600974,16384,278528
string_dict_get,2,control,3,0.0015793000056874007,16384,278528
string_dict_get,2,control,4,0.0016283999721053988,16384,278528
python_key_dict_get,2,control,0,0.045647399994777516,16384,278528
python_key_dict_get,2,control,1,0.045836999983293936,16384,278528
python_key_dict_get,2,control,2,0.045763100002659485,16384,278528
python_key_dict_get,2,control,3,0.04626600001938641,16384,278528
python_key_dict_get,2,control,4,0.04613430000608787,16384,278528
builtin_hash_string,2,control,0,0.00591910001821816,16384,16384
builtin_hash_string,2,control,1,0.006197000009706244,16384,16384
builtin_hash_string,2,control,2,0.0058972999977413565,16384,16384
builtin_hash_string,2,control,3,0.006168799998704344,16384,16384
builtin_hash_string,2,control,4,0.005996599997160956,16384,16384
builtin_hash_python_key,2,control,0,0.031930900004226714,16384,16384
builtin_hash_python_key,2,control,1,0.03212829999392852,16384,16384
builtin_hash_python_key,2,control,2,0.03160379998735152,16384,16384
builtin_hash_python_key,2,control,3,0.03190369997173548,16384,16384
builtin_hash_python_key,2,control,4,0.03163630000199191,16384,16384
direct_python_hash_method,2,control,0,0.01185569999506697,16384,16384
direct_python_hash_method,2,control,1,0.01244260001112707,16384,16384
direct_python_hash_method,2,control,2,0.011819599982118234,16384,16384
direct_python_hash_method,2,control,3,0.012016699998639524,16384,16384
direct_python_hash_method,2,control,4,0.011867399996845052,16384,16384
saved_python_hash_method,2,control,0,0.011502499983180314,16384,16384
saved_python_hash_method,2,control,1,0.011536300007719547,16384,16384
saved_python_hash_method,2,control,2,0.011595299991313368,16384,16384
saved_python_hash_method,2,control,3,0.011454099992988631,16384,16384
saved_python_hash_method,2,control,4,0.011474700004328042,16384,16384
ordinary_python_hash_function,2,control,0,0.011945699981879443,16384,16384
ordinary_python_hash_function,2,control,1,0.011946799990255386,16384,16384
ordinary_python_hash_function,2,control,2,0.012208700005430728,16384,16384
ordinary_python_hash_function,2,control,3,0.011786799994297326,16384,16384
ordinary_python_hash_function,2,control,4,0.011786999995820224,16384,16384
ordinary_python_hash_wrapper,2,control,0,0.037416999984998256,16384,16384
ordinary_python_hash_wrapper,2,control,1,0.03713789998437278,16384,16384
ordinary_python_hash_wrapper,2,control,2,0.0380021000164561,16384,16384
ordinary_python_hash_wrapper,2,control,3,0.038177899987204,16384,16384
ordinary_python_hash_wrapper,2,control,4,0.037955200008582324,16384,16384
string_dict_get,2,candidate,0,0.0019275999802630395,16384,278528
string_dict_get,2,candidate,1,0.0019298000261187553,16384,278528
string_dict_get,2,candidate,2,0.001874700014013797,16384,278528
string_dict_get,2,candidate,3,0.0018355999782215804,16384,278528
string_dict_get,2,candidate,4,0.0018528999935369939,16384,278528
python_key_dict_get,2,candidate,0,0.044340599997667596,16384,278528
python_key_dict_get,2,candidate,1,0.044997199991485104,16384,278528
python_key_dict_get,2,candidate,2,0.046422399987932295,16384,278528
python_key_dict_get,2,candidate,3,0.04647770000156015,16384,278528
python_key_dict_get,2,candidate,4,0.046850599988829345,16384,278528
builtin_hash_string,2,candidate,0,0.007216800004243851,16384,16384
builtin_hash_string,2,candidate,1,0.006477999995695427,16384,16384
builtin_hash_string,2,candidate,2,0.0066476000065449625,16384,16384
builtin_hash_string,2,candidate,3,0.006637200014665723,16384,16384
builtin_hash_string,2,candidate,4,0.007258099998580292,16384,16384
builtin_hash_python_key,2,candidate,0,0.032059599994681776,16384,16384
builtin_hash_python_key,2,candidate,1,0.03472749999491498,16384,16384
builtin_hash_python_key,2,candidate,2,0.044937900005606934,16384,16384
builtin_hash_python_key,2,candidate,3,0.03454960000817664,16384,16384
builtin_hash_python_key,2,candidate,4,0.0317063000111375,16384,16384
direct_python_hash_method,2,candidate,0,0.013231299992185086,16384,16384
direct_python_hash_method,2,candidate,1,0.024614900001324713,16384,16384
direct_python_hash_method,2,candidate,2,0.022389100020518526,16384,16384
direct_python_hash_method,2,candidate,3,0.017341900005703792,16384,16384
direct_python_hash_method,2,candidate,4,0.014022199989994988,16384,16384
saved_python_hash_method,2,candidate,0,0.013613599992822856,16384,16384
saved_python_hash_method,2,candidate,1,0.01316559998667799,16384,16384
saved_python_hash_method,2,candidate,2,0.012621400004718453,16384,16384
saved_python_hash_method,2,candidate,3,0.011520400003064424,16384,16384
saved_python_hash_method,2,candidate,4,0.01169439998921007,16384,16384
ordinary_python_hash_function,2,candidate,0,0.012132600008044392,16384,16384
ordinary_python_hash_function,2,candidate,1,0.011872699978994206,16384,16384
ordinary_python_hash_function,2,candidate,2,0.012015299987979233,16384,16384
ordinary_python_hash_function,2,candidate,3,0.01225879997946322,16384,16384
ordinary_python_hash_function,2,candidate,4,0.011718599998857826,16384,16384
ordinary_python_hash_wrapper,2,candidate,0,0.03616030002012849,16384,16384
ordinary_python_hash_wrapper,2,candidate,1,0.035751899995375425,16384,16384
ordinary_python_hash_wrapper,2,candidate,2,0.03580579999834299,16384,16384
ordinary_python_hash_wrapper,2,candidate,3,0.03611020001699217,16384,16384
ordinary_python_hash_wrapper,2,candidate,4,0.03741969997645356,16384,16384
string_dict_get,3,candidate,0,0.0019286999886389822,16384,278528
string_dict_get,3,candidate,1,0.0018490999937057495,16384,278528
string_dict_get,3,candidate,2,0.001816999982111156,16384,278528
string_dict_get,3,candidate,3,0.0018250000139232725,16384,278528
string_dict_get,3,candidate,4,0.0018230000277981162,16384,278528
python_key_dict_get,3,candidate,0,0.04416389999096282,16384,278528
python_key_dict_get,3,candidate,1,0.04501429997617379,16384,278528
python_key_dict_get,3,candidate,2,0.04462410000269301,16384,278528
python_key_dict_get,3,candidate,3,0.04467159998603165,16384,278528
python_key_dict_get,3,candidate,4,0.045336299983318895,16384,278528
builtin_hash_string,3,candidate,0,0.006343899993225932,16384,16384
builtin_hash_string,3,candidate,1,0.006253100000321865,16384,16384
builtin_hash_string,3,candidate,2,0.006229299993719906,16384,16384
builtin_hash_string,3,candidate,3,0.006238400004804134,16384,16384
builtin_hash_string,3,candidate,4,0.006255899992538616,16384,16384
builtin_hash_python_key,3,candidate,0,0.032177999994019046,16384,16384
builtin_hash_python_key,3,candidate,1,0.03040240000700578,16384,16384
builtin_hash_python_key,3,candidate,2,0.03120859997579828,16384,16384
builtin_hash_python_key,3,candidate,3,0.03137199999764562,16384,16384
builtin_hash_python_key,3,candidate,4,0.03123200000845827,16384,16384
direct_python_hash_method,3,candidate,0,0.012486499996157363,16384,16384
direct_python_hash_method,3,candidate,1,0.013113499997416511,16384,16384
direct_python_hash_method,3,candidate,2,0.012348299991572276,16384,16384
direct_python_hash_method,3,candidate,3,0.012330899975495413,16384,16384
direct_python_hash_method,3,candidate,4,0.012020399997709319,16384,16384
saved_python_hash_method,3,candidate,0,0.011895299976458773,16384,16384
saved_python_hash_method,3,candidate,1,0.011746700009098276,16384,16384
saved_python_hash_method,3,candidate,2,0.011926699982723221,16384,16384
saved_python_hash_method,3,candidate,3,0.0128456000238657,16384,16384
saved_python_hash_method,3,candidate,4,0.011745600000722334,16384,16384
ordinary_python_hash_function,3,candidate,0,0.012776299990946427,16384,16384
ordinary_python_hash_function,3,candidate,1,0.012847700010752305,16384,16384
ordinary_python_hash_function,3,candidate,2,0.012779100012267008,16384,16384
ordinary_python_hash_function,3,candidate,3,0.013163700001314282,16384,16384
ordinary_python_hash_function,3,candidate,4,0.014136899990262464,16384,16384
ordinary_python_hash_wrapper,3,candidate,0,0.03764049999881536,16384,16384
ordinary_python_hash_wrapper,3,candidate,1,0.041032100009033456,16384,16384
ordinary_python_hash_wrapper,3,candidate,2,0.04657760000554845,16384,16384
ordinary_python_hash_wrapper,3,candidate,3,0.04427039998699911,16384,16384
ordinary_python_hash_wrapper,3,candidate,4,0.04601910000201315,16384,16384
string_dict_get,3,control,0,0.0015950000088196248,16384,278528
string_dict_get,3,control,1,0.0015929000219330192,16384,278528
string_dict_get,3,control,2,0.0015719000075478107,16384,278528
string_dict_get,3,control,3,0.0015549999952781945,16384,278528
string_dict_get,3,control,4,0.0016605000128038228,16384,278528
python_key_dict_get,3,control,0,0.045625200000358745,16384,278528
python_key_dict_get,3,control,1,0.04635190000408329,16384,278528
python_key_dict_get,3,control,2,0.04681600001640618,16384,278528
python_key_dict_get,3,control,3,0.047386799997184426,16384,278528
python_key_dict_get,3,control,4,0.04630899999756366,16384,278528
builtin_hash_string,3,control,0,0.005932700005359948,16384,16384
builtin_hash_string,3,control,1,0.005998600012389943,16384,16384
builtin_hash_string,3,control,2,0.006131000001914799,16384,16384
builtin_hash_string,3,control,3,0.006260300026042387,16384,16384
builtin_hash_string,3,control,4,0.005952700012130663,16384,16384
builtin_hash_python_key,3,control,0,0.032108699990203604,16384,16384
builtin_hash_python_key,3,control,1,0.033917800028575584,16384,16384
builtin_hash_python_key,3,control,2,0.031682000000728294,16384,16384
builtin_hash_python_key,3,control,3,0.03176509999320842,16384,16384
builtin_hash_python_key,3,control,4,0.03209470000001602,16384,16384
direct_python_hash_method,3,control,0,0.01235209999140352,16384,16384
direct_python_hash_method,3,control,1,0.013089299987768754,16384,16384
direct_python_hash_method,3,control,2,0.011950999993132427,16384,16384
direct_python_hash_method,3,control,3,0.01183070000843145,16384,16384
direct_python_hash_method,3,control,4,0.01332120000733994,16384,16384
saved_python_hash_method,3,control,0,0.01144380000187084,16384,16384
saved_python_hash_method,3,control,1,0.012019899993902072,16384,16384
saved_python_hash_method,3,control,2,0.011524500005180016,16384,16384
saved_python_hash_method,3,control,3,0.011366800026735291,16384,16384
saved_python_hash_method,3,control,4,0.011392899992642924,16384,16384
ordinary_python_hash_function,3,control,0,0.012197700008982792,16384,16384
ordinary_python_hash_function,3,control,1,0.011741499998606741,16384,16384
ordinary_python_hash_function,3,control,2,0.011643599980743602,16384,16384
ordinary_python_hash_function,3,control,3,0.011811600008513778,16384,16384
ordinary_python_hash_function,3,control,4,0.011749299999792129,16384,16384
ordinary_python_hash_wrapper,3,control,0,0.03676109999651089,16384,16384
ordinary_python_hash_wrapper,3,control,1,0.03741160000208765,16384,16384
ordinary_python_hash_wrapper,3,control,2,0.03753470000810921,16384,16384
ordinary_python_hash_wrapper,3,control,3,0.037835199997061864,16384,16384
ordinary_python_hash_wrapper,3,control,4,0.038005300011718646,16384,16384
string_dict_get,4,control,0,0.0015640999772585928,16384,278528
string_dict_get,4,control,1,0.001798499986762181,16384,278528
string_dict_get,4,control,2,0.0016092000005301088,16384,278528
string_dict_get,4,control,3,0.0015540000167675316,16384,278528
string_dict_get,4,control,4,0.001568000006955117,16384,278528
python_key_dict_get,4,control,0,0.04605020000599325,16384,278528
python_key_dict_get,4,control,1,0.04655780000030063,16384,278528
python_key_dict_get,4,control,2,0.046701000013854355,16384,278528
python_key_dict_get,4,control,3,0.04699090000940487,16384,278528
python_key_dict_get,4,control,4,0.04756560001987964,16384,278528
builtin_hash_string,4,control,0,0.0061910999938845634,16384,16384
builtin_hash_string,4,control,1,0.006217699992703274,16384,16384
builtin_hash_string,4,control,2,0.006245600001420826,16384,16384
builtin_hash_string,4,control,3,0.006263099989155307,16384,16384
builtin_hash_string,4,control,4,0.006209900020621717,16384,16384
builtin_hash_python_key,4,control,0,0.032624400017084554,16384,16384
builtin_hash_python_key,4,control,1,0.03214520000619814,16384,16384
builtin_hash_python_key,4,control,2,0.03277429999434389,16384,16384
builtin_hash_python_key,4,control,3,0.032170899998163804,16384,16384
builtin_hash_python_key,4,control,4,0.032957500021439046,16384,16384
direct_python_hash_method,4,control,0,0.012446600012481213,16384,16384
direct_python_hash_method,4,control,1,0.012422799976775423,16384,16384
direct_python_hash_method,4,control,2,0.013282200001413003,16384,16384
direct_python_hash_method,4,control,3,0.012499600008595735,16384,16384
direct_python_hash_method,4,control,4,0.012473199982196093,16384,16384
saved_python_hash_method,4,control,0,0.012190000008558854,16384,16384
saved_python_hash_method,4,control,1,0.01189419999718666,16384,16384
saved_python_hash_method,4,control,2,0.01176540000597015,16384,16384
saved_python_hash_method,4,control,3,0.011596700001973659,16384,16384
saved_python_hash_method,4,control,4,0.011878200020873919,16384,16384
ordinary_python_hash_function,4,control,0,0.01192389999050647,16384,16384
ordinary_python_hash_function,4,control,1,0.011733499995898455,16384,16384
ordinary_python_hash_function,4,control,2,0.01172239999868907,16384,16384
ordinary_python_hash_function,4,control,3,0.011736900021787733,16384,16384
ordinary_python_hash_function,4,control,4,0.011736500018741935,16384,16384
ordinary_python_hash_wrapper,4,control,0,0.04048240001429804,16384,16384
ordinary_python_hash_wrapper,4,control,1,0.037717800005339086,16384,16384
ordinary_python_hash_wrapper,4,control,2,0.037921000010101125,16384,16384
ordinary_python_hash_wrapper,4,control,3,0.11343689999193884,16384,16384
ordinary_python_hash_wrapper,4,control,4,0.054786099994089454,16384,16384
string_dict_get,4,candidate,0,0.0018359000096097589,16384,278528
string_dict_get,4,candidate,1,0.0023157999967224896,16384,278528
string_dict_get,4,candidate,2,0.0018772000039462,16384,278528
string_dict_get,4,candidate,3,0.0018328999867662787,16384,278528
string_dict_get,4,candidate,4,0.0018242000078316778,16384,278528
python_key_dict_get,4,candidate,0,0.04460570000810549,16384,278528
python_key_dict_get,4,candidate,1,0.04471139999805018,16384,278528
python_key_dict_get,4,candidate,2,0.04447660001460463,16384,278528
python_key_dict_get,4,candidate,3,0.04459030000725761,16384,278528
python_key_dict_get,4,candidate,4,0.04460339999059215,16384,278528
builtin_hash_string,4,candidate,0,0.00614280000445433,16384,16384
builtin_hash_string,4,candidate,1,0.006231000006664544,16384,16384
builtin_hash_string,4,candidate,2,0.006013999984133989,16384,16384
builtin_hash_string,4,candidate,3,0.006040100008249283,16384,16384
builtin_hash_string,4,candidate,4,0.006011800025589764,16384,16384
builtin_hash_python_key,4,candidate,0,0.03052980001666583,16384,16384
builtin_hash_python_key,4,candidate,1,0.03217570000560954,16384,16384
builtin_hash_python_key,4,candidate,2,0.031169599998975173,16384,16384
builtin_hash_python_key,4,candidate,3,0.030708500009495765,16384,16384
builtin_hash_python_key,4,candidate,4,0.031219600001350045,16384,16384
direct_python_hash_method,4,candidate,0,0.012499300006311387,16384,16384
direct_python_hash_method,4,candidate,1,0.012449099973309785,16384,16384
direct_python_hash_method,4,candidate,2,0.012546900019515306,16384,16384
direct_python_hash_method,4,candidate,3,0.01256840000860393,16384,16384
direct_python_hash_method,4,candidate,4,0.013289399998029694,16384,16384
saved_python_hash_method,4,candidate,0,0.011979000002611428,16384,16384
saved_python_hash_method,4,candidate,1,0.012031499994918704,16384,16384
saved_python_hash_method,4,candidate,2,0.011768099997425452,16384,16384
saved_python_hash_method,4,candidate,3,0.011930299981031567,16384,16384
saved_python_hash_method,4,candidate,4,0.011915600014617667,16384,16384
ordinary_python_hash_function,4,candidate,0,0.012390899995807558,16384,16384
ordinary_python_hash_function,4,candidate,1,0.012280800001462922,16384,16384
ordinary_python_hash_function,4,candidate,2,0.012379599997075275,16384,16384
ordinary_python_hash_function,4,candidate,3,0.01301590001094155,16384,16384
ordinary_python_hash_function,4,candidate,4,0.012534899986349046,16384,16384
ordinary_python_hash_wrapper,4,candidate,0,0.03750259999651462,16384,16384
ordinary_python_hash_wrapper,4,candidate,1,0.03744210000149906,16384,16384
ordinary_python_hash_wrapper,4,candidate,2,0.03635089998715557,16384,16384
ordinary_python_hash_wrapper,4,candidate,3,0.03704769999603741,16384,16384
ordinary_python_hash_wrapper,4,candidate,4,0.037555099988821894,16384,16384
string_dict_get,5,candidate,0,0.001833599992096424,16384,278528
string_dict_get,5,candidate,1,0.0018398000102024525,16384,278528
string_dict_get,5,candidate,2,0.0018531999958213419,16384,278528
string_dict_get,5,candidate,3,0.0018207999819424003,16384,278528
string_dict_get,5,candidate,4,0.001819099998101592,16384,278528
python_key_dict_get,5,candidate,0,0.044519999995827675,16384,278528
python_key_dict_get,5,candidate,1,0.04408640001202002,16384,278528
python_key_dict_get,5,candidate,2,0.04435630000079982,16384,278528
python_key_dict_get,5,candidate,3,0.04632560000754893,16384,278528
python_key_dict_get,5,candidate,4,0.04564660001778975,16384,278528
builtin_hash_string,5,candidate,0,0.006359499995596707,16384,16384
builtin_hash_string,5,candidate,1,0.0070214000006671995,16384,16384
builtin_hash_string,5,candidate,2,0.006206099991686642,16384,16384
builtin_hash_string,5,candidate,3,0.006089700007578358,16384,16384
builtin_hash_string,5,candidate,4,0.006848399993032217,16384,16384
builtin_hash_python_key,5,candidate,0,0.0305670999805443,16384,16384
builtin_hash_python_key,5,candidate,1,0.030188600008841604,16384,16384
builtin_hash_python_key,5,candidate,2,0.030629800021415576,16384,16384
builtin_hash_python_key,5,candidate,3,0.030032700014999136,16384,16384
builtin_hash_python_key,5,candidate,4,0.030192800011718646,16384,16384
direct_python_hash_method,5,candidate,0,0.011861300008604303,16384,16384
direct_python_hash_method,5,candidate,1,0.012099899991881102,16384,16384
direct_python_hash_method,5,candidate,2,0.012127499998314306,16384,16384
direct_python_hash_method,5,candidate,3,0.012006500008283183,16384,16384
direct_python_hash_method,5,candidate,4,0.012368600000627339,16384,16384
saved_python_hash_method,5,candidate,0,0.011944900004891679,16384,16384
saved_python_hash_method,5,candidate,1,0.011450299993157387,16384,16384
saved_python_hash_method,5,candidate,2,0.011388699989765882,16384,16384
saved_python_hash_method,5,candidate,3,0.011358499992638826,16384,16384
saved_python_hash_method,5,candidate,4,0.011397599999327213,16384,16384
ordinary_python_hash_function,5,candidate,0,0.011729199992259964,16384,16384
ordinary_python_hash_function,5,candidate,1,0.011789899988798425,16384,16384
ordinary_python_hash_function,5,candidate,2,0.011811200005467981,16384,16384
ordinary_python_hash_function,5,candidate,3,0.011990999977570027,16384,16384
ordinary_python_hash_function,5,candidate,4,0.011962099990341812,16384,16384
ordinary_python_hash_wrapper,5,candidate,0,0.036294099991209805,16384,16384
ordinary_python_hash_wrapper,5,candidate,1,0.035901700000977144,16384,16384
ordinary_python_hash_wrapper,5,candidate,2,0.036435000016354024,16384,16384
ordinary_python_hash_wrapper,5,candidate,3,0.03695390000939369,16384,16384
ordinary_python_hash_wrapper,5,candidate,4,0.03680040000472218,16384,16384
string_dict_get,5,control,0,0.0015869000053498894,16384,278528
string_dict_get,5,control,1,0.0015795000072102994,16384,278528
string_dict_get,5,control,2,0.001591100008226931,16384,278528
string_dict_get,5,control,3,0.0015889000205788761,16384,278528
string_dict_get,5,control,4,0.0015807999880053103,16384,278528
python_key_dict_get,5,control,0,0.04661610000766814,16384,278528
python_key_dict_get,5,control,1,0.047438600013265386,16384,278528
python_key_dict_get,5,control,2,0.04619060002733022,16384,278528
python_key_dict_get,5,control,3,0.0631917999999132,16384,278528
python_key_dict_get,5,control,4,0.05380130000412464,16384,278528
builtin_hash_string,5,control,0,0.006102399987867102,16384,16384
builtin_hash_string,5,control,1,0.006288400007179007,16384,16384
builtin_hash_string,5,control,2,0.0063319000182673335,16384,16384
builtin_hash_string,5,control,3,0.006272700004046783,16384,16384
builtin_hash_string,5,control,4,0.006202699994901195,16384,16384
builtin_hash_python_key,5,control,0,0.03244860001723282,16384,16384
builtin_hash_python_key,5,control,1,0.031819800002267584,16384,16384
builtin_hash_python_key,5,control,2,0.031766200001584366,16384,16384
builtin_hash_python_key,5,control,3,0.03207089999341406,16384,16384
builtin_hash_python_key,5,control,4,0.031683400011388585,16384,16384
direct_python_hash_method,5,control,0,0.011837400001240894,16384,16384
direct_python_hash_method,5,control,1,0.012101300002541393,16384,16384
direct_python_hash_method,5,control,2,0.011874399991938844,16384,16384
direct_python_hash_method,5,control,3,0.01218610000796616,16384,16384
direct_python_hash_method,5,control,4,0.012350799981504679,16384,16384
saved_python_hash_method,5,control,0,0.011695299996063113,16384,16384
saved_python_hash_method,5,control,1,0.01131359999999404,16384,16384
saved_python_hash_method,5,control,2,0.01124690001597628,16384,16384
saved_python_hash_method,5,control,3,0.011294799973256886,16384,16384
saved_python_hash_method,5,control,4,0.011428700003307313,16384,16384
ordinary_python_hash_function,5,control,0,0.01194320002105087,16384,16384
ordinary_python_hash_function,5,control,1,0.01171049999538809,16384,16384
ordinary_python_hash_function,5,control,2,0.011847500019939616,16384,16384
ordinary_python_hash_function,5,control,3,0.011978099995758384,16384,16384
ordinary_python_hash_function,5,control,4,0.011760299996240065,16384,16384
ordinary_python_hash_wrapper,5,control,0,0.03713069998775609,16384,16384
ordinary_python_hash_wrapper,5,control,1,0.03700860001845285,16384,16384
ordinary_python_hash_wrapper,5,control,2,0.06168620000244118,16384,16384
ordinary_python_hash_wrapper,5,control,3,0.04177549999440089,16384,16384
ordinary_python_hash_wrapper,5,control,4,0.040454300004057586,16384,16384
string_dict_get,6,control,0,0.001958100008778274,16384,278528
string_dict_get,6,control,1,0.0016666000010445714,16384,278528
string_dict_get,6,control,2,0.0016171000024769455,16384,278528
string_dict_get,6,control,3,0.00161500001559034,16384,278528
string_dict_get,6,control,4,0.0015786000003572553,16384,278528
python_key_dict_get,6,control,0,0.04558210002142005,16384,278528
python_key_dict_get,6,control,1,0.04643960000248626,16384,278528
python_key_dict_get,6,control,2,0.047050699999090284,16384,278528
python_key_dict_get,6,control,3,0.0461836000031326,16384,278528
python_key_dict_get,6,control,4,0.047146700002485886,16384,278528
builtin_hash_string,6,control,0,0.006325800000922754,16384,16384
builtin_hash_string,6,control,1,0.006401399994501844,16384,16384
builtin_hash_string,6,control,2,0.006200799980433658,16384,16384
builtin_hash_string,6,control,3,0.006250800011912361,16384,16384
builtin_hash_string,6,control,4,0.006274900020798668,16384,16384
builtin_hash_python_key,6,control,0,0.0356649000023026,16384,16384
builtin_hash_python_key,6,control,1,0.03392859999439679,16384,16384
builtin_hash_python_key,6,control,2,0.03209989998140372,16384,16384
builtin_hash_python_key,6,control,3,0.0321465999877546,16384,16384
builtin_hash_python_key,6,control,4,0.03233189997263253,16384,16384
direct_python_hash_method,6,control,0,0.012431300012394786,16384,16384
direct_python_hash_method,6,control,1,0.011894700000993907,16384,16384
direct_python_hash_method,6,control,2,0.01233890000730753,16384,16384
direct_python_hash_method,6,control,3,0.012826599995605648,16384,16384
direct_python_hash_method,6,control,4,0.012444199994206429,16384,16384
saved_python_hash_method,6,control,0,0.012462599988793954,16384,16384
saved_python_hash_method,6,control,1,0.011902300000656396,16384,16384
saved_python_hash_method,6,control,2,0.012369099975330755,16384,16384
saved_python_hash_method,6,control,3,0.011430999991716817,16384,16384
saved_python_hash_method,6,control,4,0.011458199995104223,16384,16384
ordinary_python_hash_function,6,control,0,0.01299519999884069,16384,16384
ordinary_python_hash_function,6,control,1,0.011850200011394918,16384,16384
ordinary_python_hash_function,6,control,2,0.01289589999942109,16384,16384
ordinary_python_hash_function,6,control,3,0.012292700004763901,16384,16384
ordinary_python_hash_function,6,control,4,0.012108900002203882,16384,16384
ordinary_python_hash_wrapper,6,control,0,0.03720449999673292,16384,16384
ordinary_python_hash_wrapper,6,control,1,0.03775990000576712,16384,16384
ordinary_python_hash_wrapper,6,control,2,0.03734509999048896,16384,16384
ordinary_python_hash_wrapper,6,control,3,0.0400429000146687,16384,16384
ordinary_python_hash_wrapper,6,control,4,0.03797830000985414,16384,16384
string_dict_get,6,candidate,0,0.0018726999987848103,16384,278528
string_dict_get,6,candidate,1,0.0018180000188294798,16384,278528
string_dict_get,6,candidate,2,0.00181940000038594,16384,278528
string_dict_get,6,candidate,3,0.0018263999954797328,16384,278528
string_dict_get,6,candidate,4,0.0018322000105399638,16384,278528
python_key_dict_get,6,candidate,0,0.04430010000942275,16384,278528
python_key_dict_get,6,candidate,1,0.04389289999380708,16384,278528
python_key_dict_get,6,candidate,2,0.045004300016444176,16384,278528
python_key_dict_get,6,candidate,3,0.045195599988801405,16384,278528
python_key_dict_get,6,candidate,4,0.04477599999518134,16384,278528
builtin_hash_string,6,candidate,0,0.006327399984002113,16384,16384
builtin_hash_string,6,candidate,1,0.006214900000486523,16384,16384
builtin_hash_string,6,candidate,2,0.006294299993896857,16384,16384
builtin_hash_string,6,candidate,3,0.006383300002198666,16384,16384
builtin_hash_string,6,candidate,4,0.0062966999830678105,16384,16384
builtin_hash_python_key,6,candidate,0,0.031410799972945824,16384,16384
builtin_hash_python_key,6,candidate,1,0.031570699997246265,16384,16384
builtin_hash_python_key,6,candidate,2,0.03210150002269074,16384,16384
builtin_hash_python_key,6,candidate,3,0.03094470000360161,16384,16384
builtin_hash_python_key,6,candidate,4,0.03117420000489801,16384,16384
direct_python_hash_method,6,candidate,0,0.012730400019790977,16384,16384
direct_python_hash_method,6,candidate,1,0.012496399984229356,16384,16384
direct_python_hash_method,6,candidate,2,0.012225400016177446,16384,16384
direct_python_hash_method,6,candidate,3,0.011881500016897917,16384,16384
direct_python_hash_method,6,candidate,4,0.01282759997411631,16384,16384
saved_python_hash_method,6,candidate,0,0.011447500000940636,16384,16384
saved_python_hash_method,6,candidate,1,0.01132250000955537,16384,16384
saved_python_hash_method,6,candidate,2,0.011873899988131598,16384,16384
saved_python_hash_method,6,candidate,3,0.011475700011942536,16384,16384
saved_python_hash_method,6,candidate,4,0.01153879999765195,16384,16384
ordinary_python_hash_function,6,candidate,0,0.011780100001487881,16384,16384
ordinary_python_hash_function,6,candidate,1,0.011880200006999075,16384,16384
ordinary_python_hash_function,6,candidate,2,0.012361300003249198,16384,16384
ordinary_python_hash_function,6,candidate,3,0.012036300002364442,16384,16384
ordinary_python_hash_function,6,candidate,4,0.011743699986254796,16384,16384
ordinary_python_hash_wrapper,6,candidate,0,0.03809509999700822,16384,16384
ordinary_python_hash_wrapper,6,candidate,1,0.03683860000455752,16384,16384
ordinary_python_hash_wrapper,6,candidate,2,0.036203900002874434,16384,16384
ordinary_python_hash_wrapper,6,candidate,3,0.0365557000041008,16384,16384
ordinary_python_hash_wrapper,6,candidate,4,0.03672620002180338,16384,16384
