pair,process_order,runtime,mapping,path,lookups,sample,seconds,checksum
1,1,control,dict,direct_lookup,8192,1,0.007544599997345358,8184
1,1,control,dict,direct_lookup,8192,2,0.007810200011590496,8184
1,1,control,dict,direct_lookup,8192,3,0.008239799994044006,8184
1,1,control,dict,direct_lookup,8192,4,0.007832499977666885,8184
1,1,control,dict,direct_lookup,8192,5,0.007594899972900748,8184
1,1,control,dict,python_call,8192,1,0.010576300002867356,8184
1,1,control,dict,python_call,8192,2,0.010401600011391565,8184
1,1,control,dict,python_call,8192,3,0.010693699994590133,8184
1,1,control,dict,python_call,8192,4,0.010896599997067824,8184
1,1,control,dict,python_call,8192,5,0.010387099988292903,8184
1,1,control,dict,native_callback,8192,1,0.015694999980041757,8184
1,1,control,dict,native_callback,8192,2,0.01623530001961626,8184
1,1,control,dict,native_callback,8192,3,0.01577030000044033,8184
1,1,control,dict,native_callback,8192,4,0.01593589998083189,8184
1,1,control,dict,native_callback,8192,5,0.015703200013376772,8184
1,1,control,Counter,direct_lookup,8192,1,0.007816199999069795,8184
1,1,control,Counter,direct_lookup,8192,2,0.008253399981185794,8184
1,1,control,Counter,direct_lookup,8192,3,0.008214600005885586,8184
1,1,control,Counter,direct_lookup,8192,4,0.00820219999877736,8184
1,1,control,Counter,direct_lookup,8192,5,0.008229900005972013,8184
1,1,control,Counter,python_call,8192,1,0.011677600006805733,8184
1,1,control,Counter,python_call,8192,2,0.011894499999471009,8184
1,1,control,Counter,python_call,8192,3,0.011462800001027063,8184
1,1,control,Counter,python_call,8192,4,0.01157880001119338,8184
1,1,control,Counter,python_call,8192,5,0.011513900011777878,8184
1,1,control,Counter,native_callback,8192,1,0.016745600005378947,8184
1,1,control,Counter,native_callback,8192,2,0.0171050000062678,8184
1,1,control,Counter,native_callback,8192,3,0.0167793000000529,8184
1,1,control,Counter,native_callback,8192,4,0.01676870000665076,8184
1,1,control,Counter,native_callback,8192,5,0.016370700002880767,8184
1,2,candidate,dict,direct_lookup,8192,1,0.007608399988384917,8184
1,2,candidate,dict,direct_lookup,8192,2,0.007694900006754324,8184
1,2,candidate,dict,direct_lookup,8192,3,0.007537400000728667,8184
1,2,candidate,dict,direct_lookup,8192,4,0.00795329999527894,8184
1,2,candidate,dict,direct_lookup,8192,5,0.007831300026737154,8184
1,2,candidate,dict,python_call,8192,1,0.010813599976245314,8184
1,2,candidate,dict,python_call,8192,2,0.01080250000813976,8184
1,2,candidate,dict,python_call,8192,3,0.010755800001788884,8184
1,2,candidate,dict,python_call,8192,4,0.010792299988679588,8184
1,2,candidate,dict,python_call,8192,5,0.010885600000619888,8184
1,2,candidate,dict,native_callback,8192,1,0.016264000005321577,8184
1,2,candidate,dict,native_callback,8192,2,0.015481700014788657,8184
1,2,candidate,dict,native_callback,8192,3,0.015574899996863678,8184
1,2,candidate,dict,native_callback,8192,4,0.01610639999853447,8184
1,2,candidate,dict,native_callback,8192,5,0.01543089997721836,8184
1,2,candidate,Counter,direct_lookup,8192,1,0.008135100011713803,8184
1,2,candidate,Counter,direct_lookup,8192,2,0.008096200006548315,8184
1,2,candidate,Counter,direct_lookup,8192,3,0.007979399990290403,8184
1,2,candidate,Counter,direct_lookup,8192,4,0.007953499996801838,8184
1,2,candidate,Counter,direct_lookup,8192,5,0.007918699993751943,8184
1,2,candidate,Counter,python_call,8192,1,0.011489099997561425,8184
1,2,candidate,Counter,python_call,8192,2,0.011331599991535768,8184
1,2,candidate,Counter,python_call,8192,3,0.011713899992173538,8184
1,2,candidate,Counter,python_call,8192,4,0.011553799995454028,8184
1,2,candidate,Counter,python_call,8192,5,0.011306900007184595,8184
1,2,candidate,Counter,native_callback,8192,1,0.01712580001913011,8184
1,2,candidate,Counter,native_callback,8192,2,0.01723840000340715,8184
1,2,candidate,Counter,native_callback,8192,3,0.0171793999907095,8184
1,2,candidate,Counter,native_callback,8192,4,0.01732749998336658,8184
1,2,candidate,Counter,native_callback,8192,5,0.01688869998906739,8184
2,1,candidate,dict,direct_lookup,8192,1,0.007467800023732707,8184
2,1,candidate,dict,direct_lookup,8192,2,0.007393899984890595,8184
2,1,candidate,dict,direct_lookup,8192,3,0.007747099996777251,8184
2,1,candidate,dict,direct_lookup,8192,4,0.007484500005375594,8184
2,1,candidate,dict,direct_lookup,8192,5,0.007672800013097003,8184
2,1,candidate,dict,python_call,8192,1,0.01086020001093857,8184
2,1,candidate,dict,python_call,8192,2,0.010988800000632182,8184
2,1,candidate,dict,python_call,8192,3,0.010689499991713092,8184
2,1,candidate,dict,python_call,8192,4,0.010535000008530915,8184
2,1,candidate,dict,python_call,8192,5,0.010618500004056841,8184
2,1,candidate,dict,native_callback,8192,1,0.015687899984186515,8184
2,1,candidate,dict,native_callback,8192,2,0.015407500002766028,8184
2,1,candidate,dict,native_callback,8192,3,0.0161184000025969,8184
2,1,candidate,dict,native_callback,8192,4,0.0160162000101991,8184
2,1,candidate,dict,native_callback,8192,5,0.016397400002460927,8184
2,1,candidate,Counter,direct_lookup,8192,1,0.0081783999921754,8184
2,1,candidate,Counter,direct_lookup,8192,2,0.008007600001292303,8184
2,1,candidate,Counter,direct_lookup,8192,3,0.008054300007643178,8184
2,1,candidate,Counter,direct_lookup,8192,4,0.0083738999965135,8184
2,1,candidate,Counter,direct_lookup,8192,5,0.008181999990483746,8184
2,1,candidate,Counter,python_call,8192,1,0.011486000003060326,8184
2,1,candidate,Counter,python_call,8192,2,0.01154920001863502,8184
2,1,candidate,Counter,python_call,8192,3,0.011946000013267621,8184
2,1,candidate,Counter,python_call,8192,4,0.011395299981813878,8184
2,1,candidate,Counter,python_call,8192,5,0.011535400000866503,8184
2,1,candidate,Counter,native_callback,8192,1,0.017062900005839765,8184
2,1,candidate,Counter,native_callback,8192,2,0.017827200004830956,8184
2,1,candidate,Counter,native_callback,8192,3,0.01827249999041669,8184
2,1,candidate,Counter,native_callback,8192,4,0.01729039999190718,8184
2,1,candidate,Counter,native_callback,8192,5,0.017061299993656576,8184
2,2,control,dict,direct_lookup,8192,1,0.007505000015953556,8184
2,2,control,dict,direct_lookup,8192,2,0.007605199993122369,8184
2,2,control,dict,direct_lookup,8192,3,0.007485800015274435,8184
2,2,control,dict,direct_lookup,8192,4,0.007594399998197332,8184
2,2,control,dict,direct_lookup,8192,5,0.007508100010454655,8184
2,2,control,dict,python_call,8192,1,0.010348399984650314,8184
2,2,control,dict,python_call,8192,2,0.010498300020117313,8184
2,2,control,dict,python_call,8192,3,0.010337000014260411,8184
2,2,control,dict,python_call,8192,4,0.010364100016886368,8184
2,2,control,dict,python_call,8192,5,0.010545500001171604,8184
2,2,control,dict,native_callback,8192,1,0.015486199990846217,8184
2,2,control,dict,native_callback,8192,2,0.015564999979687855,8184
2,2,control,dict,native_callback,8192,3,0.015615599986631423,8184
2,2,control,dict,native_callback,8192,4,0.015656700008548796,8184
2,2,control,dict,native_callback,8192,5,0.015528999996604398,8184
2,2,control,Counter,direct_lookup,8192,1,0.008051299984799698,8184
2,2,control,Counter,direct_lookup,8192,2,0.008044099988183007,8184
2,2,control,Counter,direct_lookup,8192,3,0.008040300017455593,8184
2,2,control,Counter,direct_lookup,8192,4,0.008047200011787936,8184
2,2,control,Counter,direct_lookup,8192,5,0.008046899980399758,8184
2,2,control,Counter,python_call,8192,1,0.011477299995021895,8184
2,2,control,Counter,python_call,8192,2,0.011560000013560057,8184
2,2,control,Counter,python_call,8192,3,0.011263799999142066,8184
2,2,control,Counter,python_call,8192,4,0.011204800015548244,8184
2,2,control,Counter,python_call,8192,5,0.011480500019388273,8184
2,2,control,Counter,native_callback,8192,1,0.016510300018126145,8184
2,2,control,Counter,native_callback,8192,2,0.01622779999161139,8184
2,2,control,Counter,native_callback,8192,3,0.01658039999892935,8184
2,2,control,Counter,native_callback,8192,4,0.016457299992907792,8184
2,2,control,Counter,native_callback,8192,5,0.016484799998579547,8184
3,1,control,dict,direct_lookup,8192,1,0.007434099999954924,8184
3,1,control,dict,direct_lookup,8192,2,0.007479700027033687,8184
3,1,control,dict,direct_lookup,8192,3,0.007396600005449727,8184
3,1,control,dict,direct_lookup,8192,4,0.0074881999753415585,8184
3,1,control,dict,direct_lookup,8192,5,0.00742579999496229,8184
3,1,control,dict,python_call,8192,1,0.01041730001452379,8184
3,1,control,dict,python_call,8192,2,0.010361699998611584,8184
3,1,control,dict,python_call,8192,3,0.01036539999768138,8184
3,1,control,dict,python_call,8192,4,0.010519599978579208,8184
3,1,control,dict,python_call,8192,5,0.010520599986193702,8184
3,1,control,dict,native_callback,8192,1,0.01552580000134185,8184
3,1,control,dict,native_callback,8192,2,0.015541600005235523,8184
3,1,control,dict,native_callback,8192,3,0.01553319999948144,8184
3,1,control,dict,native_callback,8192,4,0.015876299992669374,8184
3,1,control,dict,native_callback,8192,5,0.015673200017772615,8184
3,1,control,Counter,direct_lookup,8192,1,0.007955100008985028,8184
3,1,control,Counter,direct_lookup,8192,2,0.007838300021830946,8184
3,1,control,Counter,direct_lookup,8192,3,0.007837400014977902,8184
3,1,control,Counter,direct_lookup,8192,4,0.008032699988689274,8184
3,1,control,Counter,direct_lookup,8192,5,0.007901700009824708,8184
3,1,control,Counter,python_call,8192,1,0.011248700000578538,8184
3,1,control,Counter,python_call,8192,2,0.011468300013802946,8184
3,1,control,Counter,python_call,8192,3,0.011372400011168793,8184
3,1,control,Counter,python_call,8192,4,0.011439699999755248,8184
3,1,control,Counter,python_call,8192,5,0.011364200006937608,8184
3,1,control,Counter,native_callback,8192,1,0.016280699986964464,8184
3,1,control,Counter,native_callback,8192,2,0.016403899993747473,8184
3,1,control,Counter,native_callback,8192,3,0.016873200016561896,8184
3,1,control,Counter,native_callback,8192,4,0.016298500006087124,8184
3,1,control,Counter,native_callback,8192,5,0.016581600008066744,8184
3,2,candidate,dict,direct_lookup,8192,1,0.0073515999829396605,8184
3,2,candidate,dict,direct_lookup,8192,2,0.007433699996909127,8184
3,2,candidate,dict,direct_lookup,8192,3,0.0074062999919988215,8184
3,2,candidate,dict,direct_lookup,8192,4,0.007353699998930097,8184
3,2,candidate,dict,direct_lookup,8192,5,0.007386300014331937,8184
3,2,candidate,dict,python_call,8192,1,0.010900499997660518,8184
3,2,candidate,dict,python_call,8192,2,0.010770299995783716,8184
3,2,candidate,dict,python_call,8192,3,0.010773899994092062,8184
3,2,candidate,dict,python_call,8192,4,0.010355500009609386,8184
3,2,candidate,dict,python_call,8192,5,0.010358400002587587,8184
3,2,candidate,dict,native_callback,8192,1,0.015870200004428625,8184
3,2,candidate,dict,native_callback,8192,2,0.015938099997583777,8184
3,2,candidate,dict,native_callback,8192,3,0.015582699998049065,8184
3,2,candidate,dict,native_callback,8192,4,0.016057000000728294,8184
3,2,candidate,dict,native_callback,8192,5,0.016087900003185496,8184
3,2,candidate,Counter,direct_lookup,8192,1,0.007821499981218949,8184
3,2,candidate,Counter,direct_lookup,8192,2,0.007856699987314641,8184
3,2,candidate,Counter,direct_lookup,8192,3,0.007880300021497533,8184
3,2,candidate,Counter,direct_lookup,8192,4,0.007873900001868606,8184
3,2,candidate,Counter,direct_lookup,8192,5,0.007842299994081259,8184
3,2,candidate,Counter,python_call,8192,1,0.011335899995174259,8184
3,2,candidate,Counter,python_call,8192,2,0.01132980000693351,8184
3,2,candidate,Counter,python_call,8192,3,0.011531099997228011,8184
3,2,candidate,Counter,python_call,8192,4,0.011619700002484024,8184
3,2,candidate,Counter,python_call,8192,5,0.011542099993675947,8184
3,2,candidate,Counter,native_callback,8192,1,0.016941599984420463,8184
3,2,candidate,Counter,native_callback,8192,2,0.017119099997216836,8184
3,2,candidate,Counter,native_callback,8192,3,0.01704170001903549,8184
3,2,candidate,Counter,native_callback,8192,4,0.0169525999808684,8184
3,2,candidate,Counter,native_callback,8192,5,0.01698819999000989,8184
4,1,candidate,dict,direct_lookup,8192,1,0.007431000005453825,8184
4,1,candidate,dict,direct_lookup,8192,2,0.007385200005955994,8184
4,1,candidate,dict,direct_lookup,8192,3,0.007408600009512156,8184
4,1,candidate,dict,direct_lookup,8192,4,0.007380499999271706,8184
4,1,candidate,dict,direct_lookup,8192,5,0.007701700000325218,8184
4,1,candidate,dict,python_call,8192,1,0.010394199984148145,8184
4,1,candidate,dict,python_call,8192,2,0.010579199995845556,8184
4,1,candidate,dict,python_call,8192,3,0.0111075000022538,8184
4,1,candidate,dict,python_call,8192,4,0.010412000003270805,8184
4,1,candidate,dict,python_call,8192,5,0.01041560000157915,8184
4,1,candidate,dict,native_callback,8192,1,0.01601319998735562,8184
4,1,candidate,dict,native_callback,8192,2,0.01609769999049604,8184
4,1,candidate,dict,native_callback,8192,3,0.016007800004445016,8184
4,1,candidate,dict,native_callback,8192,4,0.015621600003214553,8184
4,1,candidate,dict,native_callback,8192,5,0.015520199987804517,8184
4,1,candidate,Counter,direct_lookup,8192,1,0.007830999995348975,8184
4,1,candidate,Counter,direct_lookup,8192,2,0.007817999983672053,8184
4,1,candidate,Counter,direct_lookup,8192,3,0.007915499998489395,8184
4,1,candidate,Counter,direct_lookup,8192,4,0.007931500003905967,8184
4,1,candidate,Counter,direct_lookup,8192,5,0.00863190001109615,8184
4,1,candidate,Counter,python_call,8192,1,0.0113149999815505,8184
4,1,candidate,Counter,python_call,8192,2,0.011317700002109632,8184
4,1,candidate,Counter,python_call,8192,3,0.011287500004982576,8184
4,1,candidate,Counter,python_call,8192,4,0.011296699987724423,8184
4,1,candidate,Counter,python_call,8192,5,0.011238800012506545,8184
4,1,candidate,Counter,native_callback,8192,1,0.016932699974859133,8184
4,1,candidate,Counter,native_callback,8192,2,0.016944700008025393,8184
4,1,candidate,Counter,native_callback,8192,3,0.016947500000242144,8184
4,1,candidate,Counter,native_callback,8192,4,0.0169093000004068,8184
4,1,candidate,Counter,native_callback,8192,5,0.01691530001698993,8184
4,2,control,dict,direct_lookup,8192,1,0.007689199992455542,8184
4,2,control,dict,direct_lookup,8192,2,0.007540899998275563,8184
4,2,control,dict,direct_lookup,8192,3,0.007943500007968396,8184
4,2,control,dict,direct_lookup,8192,4,0.007795599987730384,8184
4,2,control,dict,direct_lookup,8192,5,0.007602400000905618,8184
4,2,control,dict,python_call,8192,1,0.010394300014013425,8184
4,2,control,dict,python_call,8192,2,0.010469900007592514,8184
4,2,control,dict,python_call,8192,3,0.010376599995652214,8184
4,2,control,dict,python_call,8192,4,0.010349799995310605,8184
4,2,control,dict,python_call,8192,5,0.010501399985514581,8184
4,2,control,dict,native_callback,8192,1,0.01584599999478087,8184
4,2,control,dict,native_callback,8192,2,0.016224399994825944,8184
4,2,control,dict,native_callback,8192,3,0.01583220000611618,8184
4,2,control,dict,native_callback,8192,4,0.016119300009449944,8184
4,2,control,dict,native_callback,8192,5,0.015704099991125986,8184
4,2,control,Counter,direct_lookup,8192,1,0.008231599989812821,8184
4,2,control,Counter,direct_lookup,8192,2,0.008160500001395121,8184
4,2,control,Counter,direct_lookup,8192,3,0.008020299981581047,8184
4,2,control,Counter,direct_lookup,8192,4,0.007982299983268604,8184
4,2,control,Counter,direct_lookup,8192,5,0.008188500010874122,8184
4,2,control,Counter,python_call,8192,1,0.011387299979105592,8184
4,2,control,Counter,python_call,8192,2,0.01141430001007393,8184
4,2,control,Counter,python_call,8192,3,0.01156539999647066,8184
4,2,control,Counter,python_call,8192,4,0.011714799999026582,8184
4,2,control,Counter,python_call,8192,5,0.01151789998402819,8184
4,2,control,Counter,native_callback,8192,1,0.016820999997435138,8184
4,2,control,Counter,native_callback,8192,2,0.016776900010881945,8184
4,2,control,Counter,native_callback,8192,3,0.016749799979152158,8184
4,2,control,Counter,native_callback,8192,4,0.01657899998826906,8184
4,2,control,Counter,native_callback,8192,5,0.01628719997825101,8184
5,1,control,dict,direct_lookup,8192,1,0.007595599978230894,8184
5,1,control,dict,direct_lookup,8192,2,0.007631200016476214,8184
5,1,control,dict,direct_lookup,8192,3,0.007508499984396622,8184
5,1,control,dict,direct_lookup,8192,4,0.007496600010199472,8184
5,1,control,dict,direct_lookup,8192,5,0.007503800006816164,8184
5,1,control,dict,python_call,8192,1,0.010623299982398748,8184
5,1,control,dict,python_call,8192,2,0.01062750001437962,8184
5,1,control,dict,python_call,8192,3,0.011007799999788404,8184
5,1,control,dict,python_call,8192,4,0.01105119998101145,8184
5,1,control,dict,python_call,8192,5,0.011041099991416559,8184
5,1,control,dict,native_callback,8192,1,0.016267500002868474,8184
5,1,control,dict,native_callback,8192,2,0.015839400002732873,8184
5,1,control,dict,native_callback,8192,3,0.016956600011326373,8184
5,1,control,dict,native_callback,8192,4,0.015560499974526465,8184
5,1,control,dict,native_callback,8192,5,0.015563399996608496,8184
5,1,control,Counter,direct_lookup,8192,1,0.008229800005210564,8184
5,1,control,Counter,direct_lookup,8192,2,0.007826399989426136,8184
5,1,control,Counter,direct_lookup,8192,3,0.008197999995900318,8184
5,1,control,Counter,direct_lookup,8192,4,0.007985299977008253,8184
5,1,control,Counter,direct_lookup,8192,5,0.008073499979218468,8184
5,1,control,Counter,python_call,8192,1,0.011822300002677366,8184
5,1,control,Counter,python_call,8192,2,0.011598499986575916,8184
5,1,control,Counter,python_call,8192,3,0.011339899996528402,8184
5,1,control,Counter,python_call,8192,4,0.01170169998658821,8184
5,1,control,Counter,python_call,8192,5,0.011431799997808412,8184
5,1,control,Counter,native_callback,8192,1,0.016173899988643825,8184
5,1,control,Counter,native_callback,8192,2,0.01666220001061447,8184
5,1,control,Counter,native_callback,8192,3,0.016575900022871792,8184
5,1,control,Counter,native_callback,8192,4,0.016530599998077378,8184
5,1,control,Counter,native_callback,8192,5,0.016780200006905943,8184
5,2,candidate,dict,direct_lookup,8192,1,0.007370200008153915,8184
5,2,candidate,dict,direct_lookup,8192,2,0.007644900004379451,8184
5,2,candidate,dict,direct_lookup,8192,3,0.007856099982745945,8184
5,2,candidate,dict,direct_lookup,8192,4,0.007654899993212894,8184
5,2,candidate,dict,direct_lookup,8192,5,0.0074859999876935035,8184
5,2,candidate,dict,python_call,8192,1,0.010506699996767566,8184
5,2,candidate,dict,python_call,8192,2,0.010792900022352114,8184
5,2,candidate,dict,python_call,8192,3,0.010875800013309345,8184
5,2,candidate,dict,python_call,8192,4,0.010832400002982467,8184
5,2,candidate,dict,python_call,8192,5,0.010861300019314513,8184
5,2,candidate,dict,native_callback,8192,1,0.016227500018430874,8184
5,2,candidate,dict,native_callback,8192,2,0.015665899991290644,8184
5,2,candidate,dict,native_callback,8192,3,0.015497199987294152,8184
5,2,candidate,dict,native_callback,8192,4,0.015828699979465455,8184
5,2,candidate,dict,native_callback,8192,5,0.015508699987549335,8184
5,2,candidate,Counter,direct_lookup,8192,1,0.007919399999082088,8184
5,2,candidate,Counter,direct_lookup,8192,2,0.008242400013841689,8184
5,2,candidate,Counter,direct_lookup,8192,3,0.007946400000946596,8184
5,2,candidate,Counter,direct_lookup,8192,4,0.00794149999273941,8184
5,2,candidate,Counter,direct_lookup,8192,5,0.008200499985832721,8184
5,2,candidate,Counter,python_call,8192,1,0.01225729999714531,8184
5,2,candidate,Counter,python_call,8192,2,0.011255499994149432,8184
5,2,candidate,Counter,python_call,8192,3,0.0113460999855306,8184
5,2,candidate,Counter,python_call,8192,4,0.011363400000846013,8184
5,2,candidate,Counter,python_call,8192,5,0.01157139998394996,8184
5,2,candidate,Counter,native_callback,8192,1,0.018311899999389425,8184
5,2,candidate,Counter,native_callback,8192,2,0.01735249999910593,8184
5,2,candidate,Counter,native_callback,8192,3,0.01728719999664463,8184
5,2,candidate,Counter,native_callback,8192,4,0.017269999982090667,8184
5,2,candidate,Counter,native_callback,8192,5,0.017643700004555285,8184
6,1,candidate,dict,direct_lookup,8192,1,0.007947900012368336,8184
6,1,candidate,dict,direct_lookup,8192,2,0.008041399996727705,8184
6,1,candidate,dict,direct_lookup,8192,3,0.008039400010602549,8184
6,1,candidate,dict,direct_lookup,8192,4,0.00799459998961538,8184
6,1,candidate,dict,direct_lookup,8192,5,0.007625400001415983,8184
6,1,candidate,dict,python_call,8192,1,0.010477699979674071,8184
6,1,candidate,dict,python_call,8192,2,0.010715299984440207,8184
6,1,candidate,dict,python_call,8192,3,0.010566199984168634,8184
6,1,candidate,dict,python_call,8192,4,0.01039050001418218,8184
6,1,candidate,dict,python_call,8192,5,0.010777399991638958,8184
6,1,candidate,dict,native_callback,8192,1,0.016143199987709522,8184
6,1,candidate,dict,native_callback,8192,2,0.016008500009775162,8184
6,1,candidate,dict,native_callback,8192,3,0.016032800020184368,8184
6,1,candidate,dict,native_callback,8192,4,0.016288199985865504,8184
6,1,candidate,dict,native_callback,8192,5,0.0159138000162784,8184
6,1,candidate,Counter,direct_lookup,8192,1,0.008450499997707084,8184
6,1,candidate,Counter,direct_lookup,8192,2,0.008413000003201887,8184
6,1,candidate,Counter,direct_lookup,8192,3,0.008380099985515699,8184
6,1,candidate,Counter,direct_lookup,8192,4,0.008303400012664497,8184
6,1,candidate,Counter,direct_lookup,8192,5,0.00826430000597611,8184
6,1,candidate,Counter,python_call,8192,1,0.012058499996783212,8184
6,1,candidate,Counter,python_call,8192,2,0.012063400004990399,8184
6,1,candidate,Counter,python_call,8192,3,0.012028600001940504,8184
6,1,candidate,Counter,python_call,8192,4,0.012233099987497553,8184
6,1,candidate,Counter,python_call,8192,5,0.011871399998199195,8184
6,1,candidate,Counter,native_callback,8192,1,0.017544399976031855,8184
6,1,candidate,Counter,native_callback,8192,2,0.017582900007255375,8184
6,1,candidate,Counter,native_callback,8192,3,0.017849299998488277,8184
6,1,candidate,Counter,native_callback,8192,4,0.017869999981485307,8184
6,1,candidate,Counter,native_callback,8192,5,0.017647700005909428,8184
6,2,control,dict,direct_lookup,8192,1,0.007466300012310967,8184
6,2,control,dict,direct_lookup,8192,2,0.007562700018752366,8184
6,2,control,dict,direct_lookup,8192,3,0.007419600005960092,8184
6,2,control,dict,direct_lookup,8192,4,0.007444100017892197,8184
6,2,control,dict,direct_lookup,8192,5,0.007408300007227808,8184
6,2,control,dict,python_call,8192,1,0.010820800001965836,8184
6,2,control,dict,python_call,8192,2,0.010851500002900138,8184
6,2,control,dict,python_call,8192,3,0.010963100008666515,8184
6,2,control,dict,python_call,8192,4,0.010802100005093962,8184
6,2,control,dict,python_call,8192,5,0.010859200003324077,8184
6,2,control,dict,native_callback,8192,1,0.016648399992845953,8184
6,2,control,dict,native_callback,8192,2,0.016202300001168624,8184
6,2,control,dict,native_callback,8192,3,0.016150700015714392,8184
6,2,control,dict,native_callback,8192,4,0.016332900006091222,8184
6,2,control,dict,native_callback,8192,5,0.01622199997655116,8184
6,2,control,Counter,direct_lookup,8192,1,0.008265200012829155,8184
6,2,control,Counter,direct_lookup,8192,2,0.008020500012207776,8184
6,2,control,Counter,direct_lookup,8192,3,0.00826740000047721,8184
6,2,control,Counter,direct_lookup,8192,4,0.008186799997929484,8184
6,2,control,Counter,direct_lookup,8192,5,0.0081843999796547,8184
6,2,control,Counter,python_call,8192,1,0.011672299995552748,8184
6,2,control,Counter,python_call,8192,2,0.011654900008579716,8184
6,2,control,Counter,python_call,8192,3,0.011694799992255867,8184
6,2,control,Counter,python_call,8192,4,0.011759299988625571,8184
6,2,control,Counter,python_call,8192,5,0.011782099987613037,8184
6,2,control,Counter,native_callback,8192,1,0.01685189999989234,8184
6,2,control,Counter,native_callback,8192,2,0.016786299995146692,8184
6,2,control,Counter,native_callback,8192,3,0.01691419997951016,8184
6,2,control,Counter,native_callback,8192,4,0.016774999996414408,8184
6,2,control,Counter,native_callback,8192,5,0.016598800022620708,8184
7,1,control,dict,direct_lookup,8192,1,0.007504200009861961,8184
7,1,control,dict,direct_lookup,8192,2,0.0075382000068202615,8184
7,1,control,dict,direct_lookup,8192,3,0.007518300000810996,8184
7,1,control,dict,direct_lookup,8192,4,0.007512900017900392,8184
7,1,control,dict,direct_lookup,8192,5,0.007634500012500212,8184
7,1,control,dict,python_call,8192,1,0.010369399999035522,8184
7,1,control,dict,python_call,8192,2,0.01047490001656115,8184
7,1,control,dict,python_call,8192,3,0.010295499989297241,8184
7,1,control,dict,python_call,8192,4,0.010278100002324209,8184
7,1,control,dict,python_call,8192,5,0.010407599998870865,8184
7,1,control,dict,native_callback,8192,1,0.01557749998755753,8184
7,1,control,dict,native_callback,8192,2,0.015593299991451204,8184
7,1,control,dict,native_callback,8192,3,0.015541799977654591,8184
7,1,control,dict,native_callback,8192,4,0.015475799998966977,8184
7,1,control,dict,native_callback,8192,5,0.015512999991187826,8184
7,1,control,Counter,direct_lookup,8192,1,0.007890399981988594,8184
7,1,control,Counter,direct_lookup,8192,2,0.00798870000289753,8184
7,1,control,Counter,direct_lookup,8192,3,0.008060899999691173,8184
7,1,control,Counter,direct_lookup,8192,4,0.008039999986067414,8184
7,1,control,Counter,direct_lookup,8192,5,0.008035100006964058,8184
7,1,control,Counter,python_call,8192,1,0.011447199998656288,8184
7,1,control,Counter,python_call,8192,2,0.01144530001329258,8184
7,1,control,Counter,python_call,8192,3,0.01139049997436814,8184
7,1,control,Counter,python_call,8192,4,0.011446399992564693,8184
7,1,control,Counter,python_call,8192,5,0.011471500009065494,8184
7,1,control,Counter,native_callback,8192,1,0.016557399998418987,8184
7,1,control,Counter,native_callback,8192,2,0.01708429999416694,8184
7,1,control,Counter,native_callback,8192,3,0.017039600003045052,8184
7,1,control,Counter,native_callback,8192,4,0.016984099987894297,8184
7,1,control,Counter,native_callback,8192,5,0.017123199999332428,8184
7,2,candidate,dict,direct_lookup,8192,1,0.007673899992369115,8184
7,2,candidate,dict,direct_lookup,8192,2,0.00784219999331981,8184
7,2,candidate,dict,direct_lookup,8192,3,0.007676500012166798,8184
7,2,candidate,dict,direct_lookup,8192,4,0.007703599985688925,8184
7,2,candidate,dict,direct_lookup,8192,5,0.00763030000962317,8184
7,2,candidate,dict,python_call,8192,1,0.010799200012115762,8184
7,2,candidate,dict,python_call,8192,2,0.010798199975397438,8184
7,2,candidate,dict,python_call,8192,3,0.010886200005188584,8184
7,2,candidate,dict,python_call,8192,4,0.010825499979546294,8184
7,2,candidate,dict,python_call,8192,5,0.010598399996524677,8184
7,2,candidate,dict,native_callback,8192,1,0.016346899996278808,8184
7,2,candidate,dict,native_callback,8192,2,0.016729399998439476,8184
7,2,candidate,dict,native_callback,8192,3,0.016486600012285635,8184
7,2,candidate,dict,native_callback,8192,4,0.016605199984041974,8184
7,2,candidate,dict,native_callback,8192,5,0.016369699995266274,8184
7,2,candidate,Counter,direct_lookup,8192,1,0.007869900000514463,8184
7,2,candidate,Counter,direct_lookup,8192,2,0.007790100004058331,8184
7,2,candidate,Counter,direct_lookup,8192,3,0.007870700006606057,8184
7,2,candidate,Counter,direct_lookup,8192,4,0.007808700000168756,8184
7,2,candidate,Counter,direct_lookup,8192,5,0.00783459999365732,8184
7,2,candidate,Counter,python_call,8192,1,0.011601200007135049,8184
7,2,candidate,Counter,python_call,8192,2,0.012362199980998412,8184
7,2,candidate,Counter,python_call,8192,3,0.011568099987925962,8184
7,2,candidate,Counter,python_call,8192,4,0.011751599988201633,8184
7,2,candidate,Counter,python_call,8192,5,0.011573700001463294,8184
7,2,candidate,Counter,native_callback,8192,1,0.017614400014281273,8184
7,2,candidate,Counter,native_callback,8192,2,0.017687799991108477,8184
7,2,candidate,Counter,native_callback,8192,3,0.01726079999934882,8184
7,2,candidate,Counter,native_callback,8192,4,0.01765190000878647,8184
7,2,candidate,Counter,native_callback,8192,5,0.017282400018302724,8184
