family,operation,source_characters,checksum,category,control_file,candidate_file,cpython_file,control_seconds,candidate_seconds,cpython_seconds,control_over_candidate_speed,cpython_over_candidate_speed
ascii,first_scalar,256,24832,index,native-unicode-index-scaling-control-20261007.json,native-unicode-index-scaling-search-candidate-20261007.json,native-unicode-index-scaling-cpython3147-20261007.json,7.869998808018863e-05,8.460000390186906e-05,8.700008038431406e-06,0.9302598634803363,0.10283696970656048
ascii,last_scalar,256,24832,index,native-unicode-index-scaling-control-20261007.json,native-unicode-index-scaling-search-candidate-20261007.json,native-unicode-index-scaling-cpython3147-20261007.json,8.030000026337802e-05,8.480000542476773e-05,9.600014891475439e-06,0.9469339047934143,0.11320771553478629
ascii,length,256,65536,index,native-unicode-index-scaling-control-20261007.json,native-unicode-index-scaling-search-candidate-20261007.json,native-unicode-index-scaling-cpython3147-20261007.json,2.169999061152339e-05,2.4500011932104826e-05,6.099988240748644e-06,0.885713471146833,0.24897899060837667
ascii,tail_slice,256,512,index,native-unicode-index-scaling-control-20261007.json,native-unicode-index-scaling-search-candidate-20261007.json,native-unicode-index-scaling-cpython3147-20261007.json,7.54999928176403e-05,8.16000101622194e-05,1.4599994756281376e-05,0.925244894792876,0.17892148208384825
sparse_multibyte,first_scalar,256,24832,index,native-unicode-index-scaling-control-20261007.json,native-unicode-index-scaling-search-candidate-20261007.json,native-unicode-index-scaling-cpython3147-20261007.json,0.000159399991389364,8.399999933317304e-05,8.200004231184721e-06,1.8976189601755653,0.09761909876523533
sparse_multibyte,last_scalar,256,32899072,index,native-unicode-index-scaling-control-20261007.json,native-unicode-index-scaling-search-candidate-20261007.json,native-unicode-index-scaling-cpython3147-20261007.json,0.00024819999816827476,9.960000170394778e-05,1.2299977242946625e-05,2.4919678104627683,0.123493745306423
sparse_multibyte,length,256,65536,index,native-unicode-index-scaling-control-20261007.json,native-unicode-index-scaling-search-candidate-20261007.json,native-unicode-index-scaling-cpython3147-20261007.json,0.00010110001312568784,2.5299988919869065e-05,5.700014298781753e-06,3.996049699701254,0.22529710652581786
sparse_multibyte,tail_slice,256,512,index,native-unicode-index-scaling-control-20261007.json,native-unicode-index-scaling-search-candidate-20261007.json,native-unicode-index-scaling-cpython3147-20261007.json,0.00028539999038912356,9.220000356435776e-05,1.7300015315413475e-05,3.0954444615602177,0.18763573369427974
dense_multibyte,first_scalar,256,59648,index,native-unicode-index-scaling-control-20261007.json,native-unicode-index-scaling-search-candidate-20261007.json,native-unicode-index-scaling-cpython3147-20261007.json,0.0001765000051818788,0.00010080001084133983,1.0300020221620798e-05,1.7509919265752014,0.10218272930380065
dense_multibyte,last_scalar,256,32899072,index,native-unicode-index-scaling-control-20261007.json,native-unicode-index-scaling-search-candidate-20261007.json,native-unicode-index-scaling-cpython3147-20261007.json,0.0002621999883558601,0.0001601999974809587,1.2599979527294636e-05,1.6367040729012814,0.07865155883533809
dense_multibyte,length,256,65536,index,native-unicode-index-scaling-control-20261007.json,native-unicode-index-scaling-search-candidate-20261007.json,native-unicode-index-scaling-cpython3147-20261007.json,0.00010609999299049377,2.81000102404505e-05,5.699985194951296e-06,3.775799086285058,0.20284637429583774
dense_multibyte,tail_slice,256,512,index,native-unicode-index-scaling-control-20261007.json,native-unicode-index-scaling-search-candidate-20261007.json,native-unicode-index-scaling-cpython3147-20261007.json,0.000298099999781698,0.00013770000077784061,1.8099992303177714e-05,2.16485111182127,0.1314451140227623
ascii,first_scalar,4096,24832,index,native-unicode-index-scaling-control-20261007.json,native-unicode-index-scaling-search-candidate-20261007.json,native-unicode-index-scaling-cpython3147-20261007.json,8.080000407062471e-05,8.849997539073229e-05,8.299975888803601e-06,0.9129946501554178,0.09378506437045601
ascii,last_scalar,4096,24832,index,native-unicode-index-scaling-control-20261007.json,native-unicode-index-scaling-search-candidate-20261007.json,native-unicode-index-scaling-cpython3147-20261007.json,8.200001320801675e-05,9.129999671131372e-05,9.100011084228754e-06,0.8981381835893918,0.09967153791913662
ascii,length,4096,1048576,index,native-unicode-index-scaling-control-20261007.json,native-unicode-index-scaling-search-candidate-20261007.json,native-unicode-index-scaling-cpython3147-20261007.json,2.2400025045499206e-05,2.600002335384488e-05,6.199989002197981e-06,0.8615386509715074,0.238460901277657
ascii,tail_slice,4096,512,index,native-unicode-index-scaling-control-20261007.json,native-unicode-index-scaling-search-candidate-20261007.json,native-unicode-index-scaling-cpython3147-20261007.json,8.81000014487654e-05,8.779999916441739e-05,1.5700003132224083e-05,1.0034168825421765,0.17881552712573154
sparse_multibyte,first_scalar,4096,24832,index,native-unicode-index-scaling-control-20261007.json,native-unicode-index-scaling-search-candidate-20261007.json,native-unicode-index-scaling-cpython3147-20261007.json,0.0013715999957639724,9.369998588226736e-05,8.200004231184721e-06,14.638209204080004,0.08751339879056017
sparse_multibyte,last_scalar,4096,32899072,index,native-unicode-index-scaling-control-20261007.json,native-unicode-index-scaling-search-candidate-20261007.json,native-unicode-index-scaling-cpython3147-20261007.json,0.002552400022977963,0.00010639999527484179,1.270000939257443e-05,23.98872308579394,0.11936099583246258
sparse_multibyte,length,4096,1048576,index,native-unicode-index-scaling-control-20261007.json,native-unicode-index-scaling-search-candidate-20261007.json,native-unicode-index-scaling-cpython3147-20261007.json,0.0012495999981183559,2.6399997295811772e-05,6.199989002197981e-06,47.33333811047771,0.2348480923208874
sparse_multibyte,tail_slice,4096,512,index,native-unicode-index-scaling-control-20261007.json,native-unicode-index-scaling-search-candidate-20261007.json,native-unicode-index-scaling-cpython3147-20261007.json,0.0026895999908447266,9.48999950196594e-05,1.8799997633323073e-05,28.341413403526012,0.19810325205421225
dense_multibyte,first_scalar,4096,59648,index,native-unicode-index-scaling-control-20261007.json,native-unicode-index-scaling-search-candidate-20261007.json,native-unicode-index-scaling-cpython3147-20261007.json,0.0013958000054117292,0.00010629999451339245,1.0499992640689015e-05,13.13076272300161,0.09877698196274272
dense_multibyte,last_scalar,4096,32899072,index,native-unicode-index-scaling-control-20261007.json,native-unicode-index-scaling-search-candidate-20261007.json,native-unicode-index-scaling-cpython3147-20261007.json,0.0027197999879717827,0.00015559999155811965,1.2400007108226418e-05,17.479435318323162,0.07969156671576536
dense_multibyte,length,4096,1048576,index,native-unicode-index-scaling-control-20261007.json,native-unicode-index-scaling-search-candidate-20261007.json,native-unicode-index-scaling-cpython3147-20261007.json,0.001328600017586723,2.729997504502535e-05,6.300018867477775e-06,48.666711797189826,0.23077013283298864
dense_multibyte,tail_slice,4096,512,index,native-unicode-index-scaling-control-20261007.json,native-unicode-index-scaling-search-candidate-20261007.json,native-unicode-index-scaling-cpython3147-20261007.json,0.002871700009563938,0.00014250000822357833,1.8399994587525725e-05,20.15227960589535,0.12912276158368127
ascii,first_scalar,65536,24832,index,native-unicode-index-scaling-control-20261007.json,native-unicode-index-scaling-search-candidate-20261007.json,native-unicode-index-scaling-cpython3147-20261007.json,7.850001566112041e-05,9.059999138116837e-05,8.399976650252938e-06,0.8664461714003763,0.09271498288463317
ascii,last_scalar,65536,24832,index,native-unicode-index-scaling-control-20261007.json,native-unicode-index-scaling-search-candidate-20261007.json,native-unicode-index-scaling-cpython3147-20261007.json,7.989999721758068e-05,9.180000051856041e-05,9.399984264746308e-06,0.8703703351442383,0.10239634217481067
ascii,length,65536,16777216,index,native-unicode-index-scaling-control-20261007.json,native-unicode-index-scaling-search-candidate-20261007.json,native-unicode-index-scaling-cpython3147-20261007.json,2.1799991372972727e-05,2.509998739697039e-05,6.299989763647318e-06,0.868525988806035,0.2509957341415931
ascii,tail_slice,65536,512,index,native-unicode-index-scaling-control-20261007.json,native-unicode-index-scaling-search-candidate-20261007.json,native-unicode-index-scaling-cpython3147-20261007.json,7.54999928176403e-05,8.880000677891076e-05,1.580000389367342e-05,0.8502250794373916,0.17792795819274404
sparse_multibyte,first_scalar,65536,24832,index,native-unicode-index-scaling-control-20261007.json,native-unicode-index-scaling-search-candidate-20261007.json,native-unicode-index-scaling-cpython3147-20261007.json,0.021931199997197837,9.300000965595245e-05,8.300004992634058e-06,235.81933032406016,0.08924735624586913
sparse_multibyte,last_scalar,65536,32899072,index,native-unicode-index-scaling-control-20261007.json,native-unicode-index-scaling-search-candidate-20261007.json,native-unicode-index-scaling-cpython3147-20261007.json,0.04170689999591559,0.00010590002057142556,1.2300006346777081e-05,393.83278464791107,0.11614734615165813
sparse_multibyte,length,65536,16777216,index,native-unicode-index-scaling-control-20261007.json,native-unicode-index-scaling-search-candidate-20261007.json,native-unicode-index-scaling-cpython3147-20261007.json,0.019618999998783693,2.649999805726111e-05,6.000016583129764e-06,740.3396768705802,0.22641573671684606
sparse_multibyte,tail_slice,65536,512,index,native-unicode-index-scaling-control-20261007.json,native-unicode-index-scaling-search-candidate-20261007.json,native-unicode-index-scaling-cpython3147-20261007.json,0.042516799992881715,9.320001117885113e-05,1.8799997633323073e-05,456.18878640788824,0.20171668860903694
dense_multibyte,first_scalar,65536,59648,index,native-unicode-index-scaling-control-20261007.json,native-unicode-index-scaling-search-candidate-20261007.json,native-unicode-index-scaling-cpython3147-20261007.json,0.021214400010649115,0.00010239999392069876,1.0199990356341004e-05,207.17188740341237,0.0996092867372643
dense_multibyte,last_scalar,65536,32899072,index,native-unicode-index-scaling-control-20261007.json,native-unicode-index-scaling-search-candidate-20261007.json,native-unicode-index-scaling-cpython3147-20261007.json,0.04304959997534752,0.00015249999705702066,1.2400007108226418e-05,282.2924643024814,0.08131152359032494
dense_multibyte,length,65536,16777216,index,native-unicode-index-scaling-control-20261007.json,native-unicode-index-scaling-search-candidate-20261007.json,native-unicode-index-scaling-cpython3147-20261007.json,0.021469400002388284,2.609999501146376e-05,6.199989002197981e-06,822.5825327919946,0.23754751675143204
dense_multibyte,tail_slice,65536,512,index,native-unicode-index-scaling-control-20261007.json,native-unicode-index-scaling-search-candidate-20261007.json,native-unicode-index-scaling-cpython3147-20261007.json,0.06654020000132732,0.00014009998994879425,2.039998071268201e-05,474.94792844487273,0.14561015115088935
ascii,find_tail,256,16320,search,native-unicode-search-scaling-stage1-20261007.json,native-unicode-search-scaling-candidate-20261007.json,native-unicode-search-scaling-cpython3147-20261007.json,8.87999776750803e-05,1.2900010915473104e-05,3.5999983083456755e-06,6.883713374890861,0.2790694001683057
ascii,rfind_tail,256,16320,search,native-unicode-search-scaling-stage1-20261007.json,native-unicode-search-scaling-candidate-20261007.json,native-unicode-search-scaling-cpython3147-20261007.json,9.210000280290842e-05,1.6300007700920105e-05,3.3999967854470015e-06,5.6503042509427495,0.2085886612958519
ascii,startswith_tail,256,64,search,native-unicode-search-scaling-stage1-20261007.json,native-unicode-search-scaling-candidate-20261007.json,native-unicode-search-scaling-cpython3147-20261007.json,7.510001887567341e-05,1.8399994587525725e-05,2.900022082030773e-06,4.0815239655878734,0.15760994212448534
ascii,count_empty,256,16448,search,native-unicode-search-scaling-stage1-20261007.json,native-unicode-search-scaling-candidate-20261007.json,native-unicode-search-scaling-cpython3147-20261007.json,6.719998782500625e-05,1.0799994925037026e-05,2.8999929782003164e-06,6.222224018755811,0.2685179945295552
sparse_multibyte,find_tail,256,16320,search,native-unicode-search-scaling-stage1-20261007.json,native-unicode-search-scaling-candidate-20261007.json,native-unicode-search-scaling-cpython3147-20261007.json,9.780001710169017e-05,1.37000170070678e-05,3.3999967854470015e-06,7.1386785177883665,0.24817463976088153
sparse_multibyte,rfind_tail,256,16320,search,native-unicode-search-scaling-stage1-20261007.json,native-unicode-search-scaling-candidate-20261007.json,native-unicode-search-scaling-cpython3147-20261007.json,8.9899986051023e-05,1.7399986973032355e-05,3.3999967854470015e-06,5.166669733164508,0.19540226039919112
sparse_multibyte,startswith_tail,256,64,search,native-unicode-search-scaling-stage1-20261007.json,native-unicode-search-scaling-candidate-20261007.json,native-unicode-search-scaling-cpython3147-20261007.json,7.340000593103468e-05,1.930000144056976e-05,2.9999937396496534e-06,3.8031088317301096,0.15544007853509725
sparse_multibyte,count_empty,256,16448,search,native-unicode-search-scaling-stage1-20261007.json,native-unicode-search-scaling-candidate-20261007.json,native-unicode-search-scaling-cpython3147-20261007.json,6.630001007579267e-05,1.1900003300979733e-05,4.9000082071870565e-06,5.571427872657326,0.41176528134102586
dense_multibyte,find_tail,256,16320,search,native-unicode-search-scaling-stage1-20261007.json,native-unicode-search-scaling-candidate-20261007.json,native-unicode-search-scaling-cpython3147-20261007.json,9.580000187270343e-05,3.580001066438854e-05,3.2999960239976645e-06,2.6759769088001666,0.09217863242929926
dense_multibyte,rfind_tail,256,16320,search,native-unicode-search-scaling-stage1-20261007.json,native-unicode-search-scaling-candidate-20261007.json,native-unicode-search-scaling-cpython3147-20261007.json,9.490002412348986e-05,3.960001049563289e-05,3.3999967854470015e-06,2.396464620481742,0.08585848192696705
dense_multibyte,startswith_tail,256,64,search,native-unicode-search-scaling-stage1-20261007.json,native-unicode-search-scaling-candidate-20261007.json,native-unicode-search-scaling-cpython3147-20261007.json,8.019999950192869e-05,3.060000017285347e-05,3.0999945010989904e-06,2.6209150015978575,0.10130700926757262
dense_multibyte,count_empty,256,16448,search,native-unicode-search-scaling-stage1-20261007.json,native-unicode-search-scaling-candidate-20261007.json,native-unicode-search-scaling-cpython3147-20261007.json,7.139999070204794e-05,1.1800002539530396e-05,5.299982149153948e-06,6.05084536743578,0.4491509329255509
ascii,find_tail,4096,262080,search,native-unicode-search-scaling-stage1-20261007.json,native-unicode-search-scaling-candidate-20261007.json,native-unicode-search-scaling-cpython3147-20261007.json,0.001215800002682954,1.2600008631125093e-05,4.1000021155923605e-06,96.49199760702002,0.3253967704009627
ascii,rfind_tail,4096,262080,search,native-unicode-search-scaling-stage1-20261007.json,native-unicode-search-scaling-candidate-20261007.json,native-unicode-search-scaling-cpython3147-20261007.json,0.001240300014615059,1.6300007700920105e-05,4.2000028770416975e-06,76.09198948691578,0.2576687664266941
ascii,startswith_tail,4096,64,search,native-unicode-search-scaling-stage1-20261007.json,native-unicode-search-scaling-candidate-20261007.json,native-unicode-search-scaling-cpython3147-20261007.json,0.0009275999909732491,1.8000020645558834e-05,3.3999967854470015e-06,51.53327372444525,0.18888849365213847
ascii,count_empty,4096,262208,search,native-unicode-search-scaling-stage1-20261007.json,native-unicode-search-scaling-candidate-20261007.json,native-unicode-search-scaling-cpython3147-20261007.json,0.0009460999863222241,1.0799994925037026e-05,3.0999945010989904e-06,87.60189174986863,0.2870366627592061
sparse_multibyte,find_tail,4096,262080,search,native-unicode-search-scaling-stage1-20261007.json,native-unicode-search-scaling-candidate-20261007.json,native-unicode-search-scaling-cpython3147-20261007.json,0.0012374999932944775,1.3599987141788006e-05,4.1000021155923605e-06,90.99273259546493,0.3014710288213793
sparse_multibyte,rfind_tail,4096,262080,search,native-unicode-search-scaling-stage1-20261007.json,native-unicode-search-scaling-candidate-20261007.json,native-unicode-search-scaling-cpython3147-20261007.json,0.0012470000074245036,1.7200014553964138e-05,4.2000028770416975e-06,72.49993908505756,0.2441860071608899
sparse_multibyte,startswith_tail,4096,64,search,native-unicode-search-scaling-stage1-20261007.json,native-unicode-search-scaling-candidate-20261007.json,native-unicode-search-scaling-cpython3147-20261007.json,0.0009411999781150371,1.9099999917671084e-05,3.4999975468963385e-06,49.277485977591574,0.1832459456535486
sparse_multibyte,count_empty,4096,262208,search,native-unicode-search-scaling-stage1-20261007.json,native-unicode-search-scaling-candidate-20261007.json,native-unicode-search-scaling-cpython3147-20261007.json,0.0009317999938502908,1.1899974197149277e-05,5.3000112529844046e-06,78.30269027587556,0.44538006261005675
dense_multibyte,find_tail,4096,262080,search,native-unicode-search-scaling-stage1-20261007.json,native-unicode-search-scaling-candidate-20261007.json,native-unicode-search-scaling-cpython3147-20261007.json,0.0013432999840006232,3.589998232200742e-05,4.1000021155923605e-06,37.41784527779985,0.11420624330165689
dense_multibyte,rfind_tail,4096,262080,search,native-unicode-search-scaling-stage1-20261007.json,native-unicode-search-scaling-candidate-20261007.json,native-unicode-search-scaling-cpython3147-20261007.json,0.0013781999878119677,3.959998139180243e-05,4.0000013541430235e-06,34.80304634934167,0.10101018267071867
dense_multibyte,startswith_tail,4096,64,search,native-unicode-search-scaling-stage1-20261007.json,native-unicode-search-scaling-candidate-20261007.json,native-unicode-search-scaling-cpython3147-20261007.json,0.001003899989882484,3.0499999411404133e-05,3.4999975468963385e-06,32.91475440183516,0.11475402014557641
dense_multibyte,count_empty,4096,262208,search,native-unicode-search-scaling-stage1-20261007.json,native-unicode-search-scaling-candidate-20261007.json,native-unicode-search-scaling-cpython3147-20261007.json,0.0009990999824367464,1.2200005585327744e-05,5.0000089686363935e-06,81.89340369141365,0.40983661307906455
ascii,find_tail,65536,4194240,search,native-unicode-search-scaling-stage1-20261007.json,native-unicode-search-scaling-candidate-20261007.json,native-unicode-search-scaling-cpython3147-20261007.json,0.019652399991173297,1.2699980288743973e-05,4.0000013541430235e-06,1547.4354718952811,0.3149612253877461
ascii,rfind_tail,65536,4194240,search,native-unicode-search-scaling-stage1-20261007.json,native-unicode-search-scaling-candidate-20261007.json,native-unicode-search-scaling-cpython3147-20261007.json,0.01979999998002313,1.6400008462369442e-05,4.0000013541430235e-06,1207.3164489795918,0.24390239574090505
ascii,startswith_tail,65536,64,search,native-unicode-search-scaling-stage1-20261007.json,native-unicode-search-scaling-candidate-20261007.json,native-unicode-search-scaling-cpython3147-20261007.json,0.014706699992530048,1.789999078027904e-05,3.2999960239976645e-06,821.6037747199771,0.18435741473304945
ascii,count_empty,65536,4194368,search,native-unicode-search-scaling-stage1-20261007.json,native-unicode-search-scaling-candidate-20261007.json,native-unicode-search-scaling-cpython3147-20261007.json,0.016128999995999038,1.069999416358769e-05,3.0999945010989904e-06,1507.383999412483,0.2897192702822529
sparse_multibyte,find_tail,65536,4194240,search,native-unicode-search-scaling-stage1-20261007.json,native-unicode-search-scaling-candidate-20261007.json,native-unicode-search-scaling-cpython3147-20261007.json,0.01960169998346828,1.3500015484169126e-05,4.2000028770416975e-06,1451.9761111721932,0.3111109673886564
sparse_multibyte,rfind_tail,65536,4194240,search,native-unicode-search-scaling-stage1-20261007.json,native-unicode-search-scaling-candidate-20261007.json,native-unicode-search-scaling-cpython3147-20261007.json,0.019795400003204122,1.7399986973032355e-05,4.0000013541430235e-06,1137.6675185955216,0.22988530740525775
sparse_multibyte,startswith_tail,65536,64,search,native-unicode-search-scaling-stage1-20261007.json,native-unicode-search-scaling-candidate-20261007.json,native-unicode-search-scaling-cpython3147-20261007.json,0.014733599993633106,1.920000067912042e-05,3.4999975468963385e-06,767.3749725256819,0.18229153245304355
sparse_multibyte,count_empty,65536,4194368,search,native-unicode-search-scaling-stage1-20261007.json,native-unicode-search-scaling-candidate-20261007.json,native-unicode-search-scaling-cpython3147-20261007.json,0.014789000008022413,1.1800002539530396e-05,5.099980626255274e-06,1253.3048156963337,0.43220165497169777
dense_multibyte,find_tail,65536,4194240,search,native-unicode-search-scaling-stage1-20261007.json,native-unicode-search-scaling-candidate-20261007.json,native-unicode-search-scaling-cpython3147-20261007.json,0.023048300005029887,3.649998689070344e-05,4.1000021155923605e-06,631.4605009050099,0.11232886542862383
dense_multibyte,rfind_tail,65536,4194240,search,native-unicode-search-scaling-stage1-20261007.json,native-unicode-search-scaling-candidate-20261007.json,native-unicode-search-scaling-cpython3147-20261007.json,0.021286899980623275,4.0000013541430235e-05,3.999972250312567e-06,532.1723193562235,0.0999992724044849
dense_multibyte,startswith_tail,65536,64,search,native-unicode-search-scaling-stage1-20261007.json,native-unicode-search-scaling-candidate-20261007.json,native-unicode-search-scaling-cpython3147-20261007.json,0.016334100015228614,3.0399998649954796e-05,3.6999990697950125e-06,537.3059454149976,0.1217105011220293
dense_multibyte,count_empty,65536,4194368,search,native-unicode-search-scaling-stage1-20261007.json,native-unicode-search-scaling-candidate-20261007.json,native-unicode-search-scaling-cpython3147-20261007.json,0.015854099998250604,1.2400007108226418e-05,5.0000089686363935e-06,1278.5557185473442,0.4032262985816585
