opcode,name,calls_profile,calls_baseline,calls_delta,self_ns_profile,self_ns_baseline,self_ns_delta,total_ns_profile,total_ns_baseline,total_ns_delta,calls_per_extra_loop,self_ms_per_extra_loop,ns_per_call,positive_self_share_pct
0,LoadConst,526133,7678,518455,15023500,240500,14783000,15023500,240500,14783000,518455.0,14.783,28.513564340203104,0.41429731834199013
1,Move,64052,1389,62663,1568800,36600,1532200,1568800,36600,1532200,62663.0,1.5322,24.45143066881573,0.04294029298272321
2,LoadLocal,450698,6735,443963,13680700,195800,13484900,13680700,195800,13484900,443963.0,13.4849,30.37392755702615,0.37791773713792215
3,StoreLocal,498764,7534,491230,14833700,227200,14606500,14833700,227200,14606500,491230.0,14.6065,29.734543900006106,0.40935086114877084
4,MoveLocal,304,15,289,19200,1400,17800,19200,1400,17800,289.0,0.0178,61.5916955017301,0.0004988495073048383
5,AddLocalConst,376,70,306,17300,4900,12400,17300,4900,12400,306.0,0.0124,40.52287581699346,0.0003475131399202244
6,AddLocalLocal,249,68,181,16900,2800,14100,16900,2800,14100,181.0,0.0141,77.90055248618785,0.00039515607039315845
7,LoadCell,131707,74,131633,4662100,3900,4658200,4662100,3900,4658200,131633.0,4.6582,35.387782698867305,0.130547234546483
8,StoreCell,103986,165,103821,4016100,16800,3999300,4016100,16800,3999300,103821.0,3.9993,38.521108446268094,0.11208139520023819
9,LoadCellObject,47895,73,47822,1449600,4500,1445100,1449600,4500,1445100,47822.0,1.4451,30.218309564635522,0.040499293427315834
10,LoadFree,420885,210,420675,13157100,8100,13149000,13157100,8100,13149000,420675.0,13.149,31.256908539846673,0.3685040545815348
11,StoreFree,56005,2,56003,1438200,200,1438000,1438200,200,1438000,56003.0,1.438,25.677195864507258,0.04030031412945829
12,LoadFreeObject,48,5,43,2200,300,1900,2200,300,1900,43.0,0.0019,44.18604651162791,5.3247981116808585e-05
13,LoadGlobal,18977,2044,16933,4362000,400800,3961200,4440500,400800,4039700,16933.0,3.9612,233.93373885312704,0.11101363305258008
14,StoreGlobal,1,0,1,600,0,600,600,0,600,1.0,0.0006,600.0,1.6815151931623763e-05
15,DeleteLocal,9735,46,9689,1636800,32400,1604400,1636800,32400,1604400,9689.0,1.6044,165.58984415316337,0.04496371626516194
17,DeleteModuleSlot,60,22,38,141100,23200,117900,141100,23200,117900,38.0,0.1179,3102.6315789473683,0.0033041773545640692
18,LoadModuleSlot,397068,3218,393850,27017100,257900,26759200,27017100,257900,26759200,393850.0,26.7592,67.94261774787356,0.7499333559478444
19,StoreModuleSlot,4895,815,4080,1416800,235900,1180900,1416800,235900,1180900,4080.0,1.1809,289.4362745098039,0.0330950215267575
20,ImportModule,594,53,541,59863500,12462000,47401500,929071400,49958100,879113300,541.0,47.4015,87618.29944547135,1.3284390404781063
22,ImportFrom,807,91,716,41857400,6289500,35567900,500692900,15358400,485334500,716.0,35.5679,49675.83798882682,0.9967994039813347
23,ImportStar,43,9,34,11524500,910600,10613900,197576600,1644800,195931800,34.0,10.6139,312173.5294117647,0.2974572351451024
25,LoadAttr,125694,745,124949,12733300,242600,12490700,12774700,246000,12528700,124949.0,12.4907,99.96638628560453,0.3500550303872216
26,StoreAttr,89026,2768,86258,23179500,363400,22816100,23277500,379300,22898200,86258.0,22.8161,264.5099584966032,0.6394269799785349
27,DeleteAttr,3,0,3,1800,0,1800,1800,0,1800,3.0,0.0018,600.0,5.044545579487129e-05
30,MakeClass,148,26,122,1515600,199500,1316100,1515600,199500,1316100,122.0,1.3161,10787.704918032787,0.03688403576201672
31,MakeFunction,15687,1282,14405,6437600,414600,6023000,6437600,414600,6023000,14405.0,6.023,418.11870878167304,0.1687961001402832
32,SetFunctionAnnotations,64,0,64,37700,0,37700,37700,0,37700,64.0,0.0377,589.0625,0.0010565520463703597
33,SetFunctionKwDefaults,259,13,246,51900,3700,48200,51900,3700,48200,246.0,0.0482,195.9349593495935,0.0013508172051737756
35,MakeTuple,6459,1114,5345,880800,137800,743000,880800,137800,743000,5345.0,0.743,139.00841908325538,0.020822763141994095
36,MakeList,39134,289,38845,3667200,42900,3624300,3667200,42900,3624300,38845.0,3.6243,93.30158321534303,0.10157192524297334
37,MakeDict,11114,269,10845,1990000,327700,1662300,1990000,327700,1662300,10845.0,1.6623,153.2780082987552,0.046586378426563636
38,MakeSet,384,121,263,739900,150800,589100,739900,150800,589100,263.0,0.5891,2239.9239543726235,0.016509676671532598
39,MakeSlice,2284,276,2008,209000,23000,186000,209000,23000,186000,2008.0,0.186,92.62948207171314,0.005212697098803366
40,ListAppend,57645,245,57400,1910100,9800,1900300,1910100,9800,1900300,57400.0,1.9003,33.106271777003485,0.053256388692774395
41,ListExtend,25,0,25,84200,0,84200,84200,0,84200,25.0,0.0842,3368.0,0.0023597263210712012
42,DictSet,7672,1672,6000,2029100,452800,1576300,10891600,2571100,8320500,6000.0,1.5763,262.71666666666664,0.04417620664969756
43,SetAdd,85,56,29,51100,24100,27000,51100,24100,27000,29.0,0.027,931.0344827586207,0.0007566818369230693
45,TupleFromList,15,0,15,5100,0,5100,5100,0,5100,15.0,0.0051,340.0,0.00014292879141880198
46,Len,4776,877,3899,999400,177400,822000,1454200,282100,1172100,3899.0,0.822,210.8232880225699,0.023036758146324554
47,GetItem,14387,2810,11577,3681000,389500,3291500,4819500,454400,4365100,11577.0,3.2915,284.3137254901961,0.09224512097156602
48,SetItem,61357,544,60813,46862300,163500,46698800,49250600,389700,48860900,60813.0,46.6988,767.9081775278312,1.308745695040853
49,DeleteItem,1,1,0,2200,1800,400,2200,1800,400,0.0,0.0004,,0
50,UnpackSequence,6532,845,5687,456200,72500,383700,493000,98700,394300,5687.0,0.3837,67.46966766309126,0.010753289660273396
51,GetIter,40559,459,40100,4378500,84800,4293700,4418600,94500,4324100,40100.0,4.2937,107.07481296758105,0.12033202974802158
52,IterNext,11575,305,11270,686700,29400,657300,760600,35100,725500,11270.0,0.6573,58.32298136645963,0.018420998941093832
53,ForRangeConstLocalNext,547,33,514,16900,2000,14900,16900,2000,14900,514.0,0.0149,28.988326848249027,0.0004175762729686568
54,Add,9308,1343,7965,1747000,127400,1619600,1747000,127400,1619600,7965.0,1.6196,203.33961079723792,0.04538970011409641
55,Sub,57796,309,57487,2079200,12600,2066600,2079200,12600,2066600,57487.0,2.0666,35.94899716457634,0.057916988303156114
56,Mul,580,95,485,282500,18100,264400,282500,18100,264400,485.0,0.2644,545.1546391752578,0.007409876951202205
58,Div,10,0,10,4800,0,4800,84600,0,84600,10.0,0.0048,480.0,0.0001345212154529901
59,FloorDiv,523,0,523,15200,0,15200,15200,0,15200,523.0,0.0152,29.063097514340345,0.0004259838489344687
60,Mod,810,123,687,400100,64300,335800,400100,64300,335800,687.0,0.3358,488.79184861717613,0.009410880031065433
61,ModConst,1,0,1,400,0,400,400,0,400,1.0,0.0004,400.0,1.1210101287749175e-05
62,Pow,29,2,27,9600,4000,5600,9600,4000,5600,27.0,0.0056,207.40740740740742,0.00015694141802848847
63,BitAnd,1697,343,1354,186400,31800,154600,259600,39400,220200,1354.0,0.1546,114.18020679468242,0.004332704147715056
64,BitOr,234,50,184,94400,40600,53800,112400,49400,63000,184.0,0.0538,292.39130434782606,0.001507758623202264
65,BitXor,17,8,9,1000,700,300,1000,700,300,9.0,0.0003,33.333333333333336,8.407575965811882e-06
66,Shl,39,6,33,24700,8900,15800,24700,8900,15800,33.0,0.0158,478.7878787878788,0.0004427990008660924
70,Compare,5541,1369,4172,574300,78600,495700,574300,78600,495700,4172.0,0.4957,118.81591562799616,0.013892118020843166
71,Is,115067,644,114423,2865000,15100,2849900,2865000,15100,2849900,114423.0,2.8499,24.906705819634166,0.07986916914989094
72,Contains,121243,1755,119488,94778700,1009800,93768900,94886200,1009800,93876400,119488.0,93.7689,784.75579137654,2.627897166602059
73,Not,1294,153,1141,120600,17100,103500,276500,49800,226700,1141.0,0.1035,90.70990359333918,0.002900613708205099
74,Neg,1911,414,1497,78900,16600,62300,81400,16600,64800,1497.0,0.0623,41.616566466265866,0.0017459732755669341
75,Invert,120,31,89,9400,3700,5700,9400,3700,5700,89.0,0.0057,64.04494382022472,0.00015974394335042575
76,Jump,617095,4762,612333,27541000,257100,27283900,28032300,280200,27752100,612333.0,27.2839,44.55729153908086,0.7646382063120493
77,JumpIfFalse,487999,5615,482384,15058100,187500,14870600,15253900,223900,15030000,482384.0,14.8706,30.827307705064843,0.41675233052400723
78,JumpIfLocalConstFalse,61841,1583,60258,3340400,73600,3266800,3340400,73600,3266800,60258.0,3.2668,54.21354840851007,0.09155289721704751
79,SetupExcept,62071,1483,60588,2396100,46100,2350000,2396100,46100,2350000,60588.0,2.35,38.78655839440153,0.0658593450655264
80,SetupWith,18,0,18,2500,0,2500,2500,0,2500,18.0,0.0025,138.88888888888889,7.006313304843235e-05
81,PopExcept,5447,1242,4205,131100,26600,104500,131100,26600,104500,4205.0,0.1045,24.851367419738406,0.002928638961424472
82,Raise,27,2,25,342500,67800,274700,342500,67800,274700,25.0,0.2747,10988.0,0.0076985370593617465
83,SetExceptionCause,9,1,8,1200,200,1000,1200,200,1000,8.0,0.001,125.0,2.802525321937294e-05
84,Reraise,109,4,105,175700,4600,171100,175700,4600,171100,105.0,0.1711,1629.5238095238096,0.00479512082583471
85,ClearException,258,172,86,172900,53300,119600,172900,53300,119600,86.0,0.1196,1390.6976744186047,0.0033518202850370033
86,LoadException,8,3,5,700,200,500,700,200,500,5.0,0.0005,100.0,1.401262660968647e-05
87,LoadExceptionType,1,0,1,300,0,300,300,0,300,1.0,0.0003,300.0,8.407575965811882e-06
88,MatchException,435,185,250,55300,12800,42500,55300,12800,42500,250.0,0.0425,170.0,0.0011910732618233499
89,CallModuleMethod,718,66,652,16347200,529100,15818100,16435600,538700,15896900,652.0,15.8181,24260.889570552146,0.44330625794936307
90,CallMethod,647380,1544,645836,305472000,1641400,303830600,503911000,2320400,501590600,645836.0,303.8306,470.44543816077146,8.514929500794011
91,CallMethodEx,9540,0,9540,14131400,0,14131400,26352500,0,26352500,9540.0,14.1314,1481.2788259958072,0.39603606334424674
92,CallEx,188007,113,187894,1046276500,751300,1045525200,22855355100,1973200,22853381900,187894.0,1045.5252,5564.44165327259,29.301108477235534
93,Call,271975,4085,267890,297457600,7723300,289734300,384865000,17685200,367179800,267890.0,289.7343,1081.5420508417635,8.119877123837766
94,Await,55989,0,55989,50966000,0,50966000,68333000,0,68333000,55989.0,50.966,910.2859490257015,1.4283350555785612
95,Yield,822,96,726,96300,13100,83200,96300,13100,83200,726.0,0.0832,114.60055096418733,0.0023317010678518286
96,YieldFrom,13,6,7,10000,4200,5800,10000,4200,5800,7.0,0.0058,828.5714285714286,0.00016254646867236303
97,Pop,538196,2837,535359,10302000,53100,10248900,10302000,53100,10248900,535359.0,10.2489,19.14397628507226,0.2872280177200313
98,Return,363512,1266,362246,72490400,481000,72009400,72594200,481000,72113200,362246.0,72.0094,198.78590791892802,2.0180816691751136
99,CaptureExpressions,102,7,95,11400,4100,7300,11400,4100,7300,95.0,0.0073,76.84210526315789,0.00020458434850142244
101,InplaceAdd,112217,18,112199,3161300,13100,3148200,3161300,13100,3148200,112199.0,3.1482,28.059073610281732,0.08822910218522989
102,InplaceAddLocalConst,159,18,141,12800,1600,11200,12800,1600,11200,141.0,0.0112,79.43262411347517,0.00031388283605697693
105,LoadLocalPair,828712,5367,823345,27200300,187500,27012800,27200300,187500,27012800,823345.0,27.0128,32.80860392666501,0.7570405601642773
106,LoadLocalConst,85237,3613,81624,2997000,128300,2868700,2997000,128300,2868700,81624.0,2.8687,35.1453004018426,0.08039604391041515
107,LoadConstPair,8703,2567,6136,420500,107500,313000,420500,107500,313000,6136.0,0.313,51.01043024771838,0.00877190425766373
108,StoreLocalLoadLocal,1996,334,1662,95800,15300,80500,95800,15300,80500,1662.0,0.0805,48.435619735258726,0.0022560328841595215
109,JumpIfFalseLoadLocal,2947,43,2904,88200,3300,84900,88200,3300,84900,2904.0,0.0849,29.235537190082646,0.0023793439983247626
110,LoadLocalAttr,429215,5508,423707,50779000,2863100,47915900,50971100,47487300,3483800,423707.0,47.9159,113.08734573655852,1.3428552307341517
111,CallLocal,58936,791,58145,19519000,109900,19409100,19928200,201900,19726300,58145.0,19.4091,333.8051423166222,0.5439449422601313
112,CallLocalMethod,443846,1141,442705,67411300,209200,67202100,116427700,636800,115790900,442705.0,67.2021,151.7988276617612,1.883355869373622
113,CompareJumpIfFalse,59882,646,59236,3315600,67000,3248600,3315600,67000,3248600,59236.0,3.2486,54.841650347761494,0.09104283760845493
114,IsJumpIfFalse,119049,996,118053,3978900,30400,3948500,3978900,30400,3948500,118053.0,3.9485,33.44684167280798,0.11065771233669405
115,MoveJumpIfFalse,65903,1517,64386,2810700,64200,2746500,2810700,64200,2746500,64386.0,2.7465,42.65678874289442,0.07697135796700777
116,StoreLocalPair,511,101,410,27000,4600,22400,27000,4600,22400,410.0,0.0224,54.63414634146341,0.0006277656721139539
117,MoveJumpIfTrue,60332,776,59556,2325300,36100,2289200,2325300,36100,2289200,59556.0,2.2892,38.4377728524414,0.06415540966978853
118,ReturnConst,400505,1794,398711,68368000,887900,67480100,68391200,887900,67503300,398711.0,67.4801,169.24564408807382,1.891146889768608
119,ReturnLocal,4827,1239,3588,3292100,512800,2779300,3292100,512800,2779300,3588.0,2.7793,774.6098104793757,0.0778905862726032
120,LoadLocalGlobal,8624,1432,7192,1323500,189900,1133600,1323500,189900,1133600,7192.0,1.1336,157.61957730812014,0.031769427049481165
121,LoadGlobalLocal,123596,1333,122263,62606000,265800,62340200,62606000,265800,62340200,122263.0,62.3402,509.8860652854911,1.7470998907463529
122,CallGlobal,13347,459,12888,15939100,648700,15290400,15993000,648700,15344300,12888.0,15.2904,1186.4059590316574,0.4285173318255
123,DictSetConst,7,0,7,900,0,900,900,0,900,7.0,0.0009,128.57142857142858,2.5222727897435645e-05
125,IterNextLocal,29589,236,29353,2221400,27700,2193700,2523100,137900,2385200,29353.0,2.1937,74.73512077130106,0.06147899798733841
126,NotJumpIfFalse,124442,594,123848,4193200,27700,4165500,4245300,33700,4211600,123848.0,4.1655,33.63397067372909,0.11673919228529797
127,LoadModuleAttr,11359,390,10969,2528600,95100,2433500,2531800,95100,2436700,10969.0,2.4335,221.85249339046405,0.06819945370934405
129,InplaceAddLocalLocal,483,124,359,246800,60100,186700,246800,60100,186700,359.0,0.1867,520.0557103064067,0.005232314776056928
130,JumpIfLocalLocalFalse,447,134,313,80000,6200,73800,80000,6200,73800,313.0,0.0738,235.78274760383385,0.002068263687589723
131,IsLocalConstJumpIfFalse,359441,899,358542,11641100,31500,11609600,11641100,31500,11609600,358542.0,11.6096,32.3800280022982,0.3253619797756321
139,GetItemConst,883,175,708,111300,28700,82600,111300,28700,82600,708.0,0.0826,116.66666666666667,0.0023148859159202047
141,GuardedLocalListGetItem,5953,1042,4911,240800,43300,197500,240800,43300,197500,4911.0,0.1975,40.21584198737528,0.005534987510826156
146,GuardedLocalListCompare,33,4,29,5100,700,4400,5100,700,4400,29.0,0.0044,151.72413793103448,0.00012331111416524093
240,VM_CALLMETHOD_USER_CACHE,140054,14,140040,16924400,2100,16922300,44303400,4300,44299100,140040.0,16.9223,120.8390459868609,0.47425174255419467
241,VM_CALLMETHOD_NATIVE_CACHE,326597,0,326597,19764700,0,19764700,19764700,0,19764700,326597.0,19.7647,60.51708986916598,0.5539107223049403
242,VM_CALLMETHOD_EXACT_FRAME,4256,1208,3048,401200,112400,288800,974800,278100,696700,3048.0,0.2888,94.750656167979,0.008093693129754904
243,VM_CALL_BIND_ARGS,235475,261,235214,30561100,72900,30488200,30719100,72900,30646200,235214.0,30.4882,129.61898526448255,0.854439525202886
244,VM_FRAME_INITIALIZE,467891,3871,464020,187464200,4128700,183335500,187468900,4128700,183340200,464020.0,183.3355,395.1025817852679,5.138023811600347
245,VM_CALLEX_USER_CACHE,46655,0,46655,7551600,0,7551600,18466800,0,18466800,46655.0,7.5516,161.86046511627907,0.2116355022114167
253,VM_INVOCATION,301843,529,301314,357793100,4687300,353105800,27594006500,162873500,27431133000,301314.0,353.1058,1171.8864705921399,9.895879458229256
254,VM_FRAME_SWITCH,935772,7742,928030,15192600,123900,15068700,15192600,123900,15068700,928030.0,15.0687,16.237298363199464,0.422304133186765
255,VM_LOOP_CONTROL,301843,529,301314,335852300,2755000,333097300,27227208800,158171500,27069037300,301314.0,333.0973,1105.4823207683678,9.335136179189433
