benchmark,CPython 3.14 status,CPython subtests,XLang3 status,XLang3 subtests,failure detail,CPython failure detail,correctness detail
2to3,completed,2to3=315 ms,completed,2to3=2652 ms (0.1188× CP/XLang),,,
argparse,completed,many_optionals=638.1 µs,completed,many_optionals=8.15 ms (0.0783× CP/XLang),,,
argparse_subparsers,completed,subparsers=7.881 ms,completed,subparsers=133.2 ms (0.0592× CP/XLang),,,
async_generators,completed,async_generators=286.2 ms,completed,async_generators=2363 ms (0.1211× CP/XLang),,,
async_tree,completed,async_tree_none=229.3 ms,completed,async_tree_none=3773 ms (0.0608× CP/XLang),,,
async_tree_cpu_io_mixed,completed,async_tree_cpu_io_mixed=428 ms,completed,async_tree_cpu_io_mixed=4834 ms (0.0885× CP/XLang),,,
async_tree_cpu_io_mixed_tg,completed,async_tree_cpu_io_mixed_tg=425 ms,completed,async_tree_cpu_io_mixed_tg=4863 ms (0.0874× CP/XLang),,,
async_tree_eager,completed,async_tree_eager=85.71 ms,completed,async_tree_eager=1359 ms (0.0631× CP/XLang),,,
async_tree_eager_cpu_io_mixed,completed,async_tree_eager_cpu_io_mixed=338.2 ms,completed,async_tree_eager_cpu_io_mixed=2753 ms (0.1228× CP/XLang),,,
async_tree_eager_cpu_io_mixed_tg,completed,async_tree_eager_cpu_io_mixed_tg=385.4 ms,completed,async_tree_eager_cpu_io_mixed_tg=4907 ms (0.0785× CP/XLang),,,
async_tree_eager_io,completed,async_tree_eager_io=562.2 ms,failed: Benchmark timed out,,Benchmark timed out,,
async_tree_eager_io_tg,completed,async_tree_eager_io_tg=554.8 ms,failed: Benchmark timed out,,Benchmark timed out,,
async_tree_eager_memoization,completed,async_tree_eager_memoization=187.5 ms,completed,async_tree_eager_memoization=3471 ms (0.0540× CP/XLang),,,
async_tree_eager_memoization_tg,completed,async_tree_eager_memoization_tg=266 ms,completed,async_tree_eager_memoization_tg=5608 ms (0.0474× CP/XLang),,,
async_tree_eager_tg,completed,async_tree_eager_tg=193.1 ms,completed,async_tree_eager_tg=3431 ms (0.0563× CP/XLang),,,
async_tree_io,completed,async_tree_io=562.2 ms,failed: Benchmark timed out,,Benchmark timed out,,
async_tree_io_tg,completed,async_tree_io_tg=546.7 ms,failed: Benchmark timed out,,Benchmark timed out,,
async_tree_memoization,completed,async_tree_memoization=278.5 ms,completed,async_tree_memoization=5319 ms (0.0524× CP/XLang),,,
async_tree_memoization_tg,completed,async_tree_memoization_tg=275.8 ms,completed,async_tree_memoization_tg=5459 ms (0.0505× CP/XLang),,,
async_tree_tg,completed,async_tree_none_tg=239.4 ms,completed,async_tree_none_tg=3690 ms (0.0649× CP/XLang),,,
asyncio_tcp,completed,asyncio_tcp=585.3 ms,completed,asyncio_tcp=3835 ms (0.1526× CP/XLang),,,
asyncio_tcp_ssl,completed,asyncio_tcp_ssl=1613 ms,failed: Benchmark timed out,,Benchmark timed out,,
asyncio_websockets,completed,asyncio_websockets=176.4 ms,completed,asyncio_websockets=486.4 ms (0.3626× CP/XLang),,,
base64,completed,base64_small=271.6 µs; base64_large=7.899 ms; urlsafe_base64_small=413.2 µs; base32_small=7.576 ms; base32_large=382.9 ms; base16_small=292.4 µs; base16_large=6.198 ms; ascii85_small=16.04 ms; ascii85_large=851.8 ms; base85_small=5.484 ms; base85_large=299.6 ms,failed: Benchmark timed out,,Benchmark timed out,,
bpe_tokeniser,completed,bpe_tokeniser=3586 ms,failed: Benchmark timed out,,Benchmark timed out,,
chameleon,completed,chameleon=11.6 ms,completed,chameleon=138.6 ms (0.0837× CP/XLang),,,
chaos,completed,chaos=48.17 ms,completed,chaos=434.5 ms (0.1109× CP/XLang),,,
comprehensions,completed,comprehensions=13.96 µs,completed,comprehensions=165.1 µs (0.0846× CP/XLang),,,
concurrent_imap,completed,bench_mp_pool=153.9 ms; bench_thread_pool=1.007 ms,failed: Benchmark died,,OSError: DuplicateHandle failed with Win32 error 6,,
coroutines,completed,coroutines=17.41 ms,completed,coroutines=135.9 ms (0.1281× CP/XLang),,,
coverage,completed,coverage=65.51 ms,failed: Benchmark died,,"TypeError: print_exception(): Exception expected for value, object found",,
crypto_pyaes,completed,crypto_pyaes=57.55 ms,completed,crypto_pyaes=332.8 ms (0.1729× CP/XLang),,,
dask,completed,dask=925.8 ms,failed: Benchmark died,,AttributeError: module 'psutil._psutil_windows' has no attribute 'virtual_mem',,
deepcopy,completed,deepcopy=210.8 µs; deepcopy_reduce=2.213 µs; deepcopy_memo=21.83 µs,completed,deepcopy=2.633 ms (0.0801× CP/XLang); deepcopy_reduce=29.22 µs (0.0757× CP/XLang); deepcopy_memo=279.1 µs (0.0782× CP/XLang),,,
deltablue,completed,deltablue=2.516 ms,completed,deltablue=38.52 ms (0.0653× CP/XLang),,,
django_template,completed,django_template=28.87 ms,completed,django_template=510.9 ms (0.0565× CP/XLang),,,
docutils,completed,docutils=1816 ms,failed: Benchmark died,,"KeyError: ""format mapping key 'parens' not found""",,
dulwich_log,completed,dulwich_log=51.01 ms,failed: Benchmark died,,TypeError: object is not subscriptable,,
fannkuch,completed,fannkuch=317.2 ms,completed,fannkuch=269.8 ms (1.1758× CP/XLang),,,
fastapi,completed,fastapi_http=365.7 ms,failed: Benchmark timed out,,Benchmark timed out,,
float,completed,float=55.2 ms,completed,float=78.08 ms (0.7070× CP/XLang),,,
gc_collect,completed,create_gc_cycles=1.469 ms,failed: Benchmark died,,Benchmark died,,
gc_traversal,completed,gc_traversal=2.14 ms,completed,gc_traversal=687 µs,,,gc_traversal: Traversal work remains uncertified; retain raw status/timing and withhold speed score pending independent current workload coverage.
generators,completed,generators=26.63 ms,completed,generators=320.2 ms (0.0831× CP/XLang),,,
genshi,completed,genshi_text=19.37 ms; genshi_xml=42.5 ms,completed,genshi_text=333.7 ms (0.0580× CP/XLang); genshi_xml=888.7 ms (0.0478× CP/XLang),,,
go,completed,go=95.73 ms,completed,go=902.2 ms (0.1061× CP/XLang),,,
hexiom,completed,hexiom=5.091 ms,completed,hexiom=45.66 ms (0.1115× CP/XLang),,,
html5lib,completed,html5lib=42.62 ms,completed,html5lib=654.9 ms (0.0651× CP/XLang),,,
json_dumps,completed,json_dumps=7.636 ms,completed,json_dumps=35.37 ms (0.2159× CP/XLang),,,
json_loads,completed,json_loads=18.1 µs,completed,json_loads=76.52 µs (0.2366× CP/XLang),,,
logging,completed,logging_format=7.551 µs; logging_silent=69.12 ns; logging_simple=6.937 µs,completed,logging_format=92.08 µs (0.0820× CP/XLang); logging_silent=1.085 µs (0.0637× CP/XLang); logging_simple=87.11 µs (0.0796× CP/XLang),,,
mako,completed,mako=7.847 ms,failed: Benchmark died,,KeyError: '2',,
mdp,completed,mdp=980.4 ms,failed: Benchmark died,,Benchmark died,,
meteor_contest,completed,meteor_contest=89.46 ms,completed,meteor_contest=1178 ms (0.0759× CP/XLang),,,
nbody,completed,nbody=82.85 ms,completed,nbody=302.5 ms (0.2739× CP/XLang),,,
networkx,completed,shortest_path=425.8 ms,completed,shortest_path=983.1 ms (0.4331× CP/XLang),,,
networkx_connected_components,completed,connected_components=380.9 ms,completed,connected_components=688.1 ms (0.5536× CP/XLang),,,
networkx_k_core,completed,k_core=2085 ms,completed,k_core=6223 ms (0.3350× CP/XLang),,,
nqueens,completed,nqueens=76.88 ms,completed,nqueens=853 ms (0.0901× CP/XLang),,,
pathlib,completed,pathlib=42.31 ms,completed,pathlib=561.4 ms (0.0754× CP/XLang),,,
pickle,completed,pickle=9.425 µs,completed,pickle=17.91 µs (0.5262× CP/XLang),,,
pickle_dict,completed,pickle_dict=23.59 µs,completed,pickle_dict=23.95 µs (0.9851× CP/XLang),,,
pickle_list,completed,pickle_list=4.024 µs,completed,pickle_list=4.116 µs (0.9777× CP/XLang),,,
pickle_pure_python,completed,pickle_pure_python=257.5 µs,completed,pickle_pure_python=5.451 ms (0.0472× CP/XLang),,,
pidigits,completed,pidigits=163 ms,completed,pidigits=224.6 ms (0.7256× CP/XLang),,,
pprint,completed,pprint_safe_repr=598.7 ms; pprint_pformat=1233 ms,failed: Benchmark timed out,,Benchmark timed out,,
pyflate,completed,pyflate=344.9 ms,completed,pyflate=2978 ms (0.1158× CP/XLang),,,
python_startup,completed,python_startup=18.6 ms,completed,python_startup=31.65 ms (0.5875× CP/XLang),,,
python_startup_no_site,completed,python_startup_no_site=15.75 ms,completed,python_startup_no_site=19.1 ms (0.8249× CP/XLang),,,
raytrace,completed,raytrace=227.3 ms,completed,raytrace=2202 ms (0.1032× CP/XLang),,,
regex_compile,completed,regex_compile=98.07 ms,completed,regex_compile=1217 ms (0.0806× CP/XLang),,,
regex_dna,completed,regex_dna=137.4 ms,completed,regex_dna=215.8 ms (0.6368× CP/XLang),,,
regex_effbot,completed,regex_effbot=1.86 ms,completed,regex_effbot=12.63 ms (0.1473× CP/XLang),,,
regex_v8,completed,regex_v8=15.72 ms,completed,regex_v8=63.85 ms (0.2462× CP/XLang),,,
richards,completed,richards=34.14 ms,completed,richards=357.9 ms (0.0954× CP/XLang),,,
richards_super,completed,richards_super=38.41 ms,completed,richards_super=438.7 ms (0.0876× CP/XLang),,,
scimark,completed,scimark_fft=227.4 ms; scimark_lu=75.29 ms; scimark_monte_carlo=52.83 ms; scimark_sor=97.53 ms; scimark_sparse_mat_mult=3.144 ms,completed,scimark_fft=939.2 ms (0.2421× CP/XLang); scimark_lu=1424 ms (0.0529× CP/XLang); scimark_monte_carlo=549.2 ms (0.0962× CP/XLang); scimark_sor=849 ms (0.1149× CP/XLang); scimark_sparse_mat_mult=17.16 ms (0.1832× CP/XLang),,,
spectral_norm,completed,spectral_norm=75.79 ms,completed,spectral_norm=520.4 ms (0.1456× CP/XLang),,,
sphinx,completed,sphinx=742.4 ms,failed: Benchmark died,,"KeyError: ""format mapping key 'parens' not found""",,
sqlalchemy_declarative,completed,sqlalchemy_declarative=89.23 ms,failed: Benchmark died,,"ImportError: parse error importing module 'sqlalchemy.sql.selectable': line 2601, column 23: invalid syntax. Did you mean 'if'?",,
sqlalchemy_imperative,completed,sqlalchemy_imperative=11.24 ms,failed: Benchmark died,,"ImportError: parse error importing module 'sqlalchemy.sql.selectable': line 2601, column 23: invalid syntax. Did you mean 'if'?",,
sqlglot_v2,completed,sqlglot_v2_normalize=90.41 ms,completed,sqlglot_v2_normalize=1634 ms (0.0553× CP/XLang),,,
sqlglot_v2_optimize,completed,sqlglot_v2_optimize=42.47 ms,completed,sqlglot_v2_optimize=742.8 ms (0.0572× CP/XLang),,,
sqlglot_v2_parse,completed,sqlglot_v2_parse=988.3 µs,completed,sqlglot_v2_parse=18.83 ms (0.0525× CP/XLang),,,
sqlglot_v2_transpile,completed,sqlglot_v2_transpile=1.226 ms,completed,sqlglot_v2_transpile=22 ms (0.0557× CP/XLang),,,
sqlite_synth,completed,sqlite_synth=1.833 µs,completed,sqlite_synth=6.168 µs (0.2972× CP/XLang),,,
sympy,completed,sympy_expand=349.2 ms; sympy_integrate=14.65 ms; sympy_sum=104.2 ms; sympy_str=202.8 ms,failed: Benchmark died,,RecursionError: maximum recursion depth exceeded,,
telco,completed,telco=5.71 ms,completed,telco=42.34 ms (0.1349× CP/XLang),,,
tomli_loads,completed,tomli_loads=1755 ms,failed: Benchmark timed out,,Benchmark timed out,,
tornado_http,completed,tornado_http=140.1 ms,completed,tornado_http=1437 ms (0.0975× CP/XLang),,,
typing_runtime_protocols,completed,typing_runtime_protocols=128.1 µs,completed,typing_runtime_protocols=2.84 ms (0.0451× CP/XLang),,,
unpack_sequence,completed,unpack_sequence=36.58 ns,completed,unpack_sequence=160.3 ns (0.2282× CP/XLang),,,
unpickle,completed,unpickle=9.832 µs,completed,unpickle=65.19 µs (0.1508× CP/XLang),,,
unpickle_list,completed,unpickle_list=3.215 µs,completed,unpickle_list=10.99 µs (0.2925× CP/XLang),,,
unpickle_pure_python,completed,unpickle_pure_python=168.3 µs,completed,unpickle_pure_python=2.412 ms (0.0698× CP/XLang),,,
xdsl,completed,xdsl_constant_fold=33.65 ms,failed: Benchmark died,,AttributeError: GenericAlias object has no attribute 'get',,
xml_etree,completed,xml_etree_parse=126.7 ms; xml_etree_iterparse=75.17 ms; xml_etree_generate=69.44 ms; xml_etree_process=48.57 ms,failed: Benchmark timed out,,Benchmark timed out,,
