benchmark,CPython 3.14 status,CPython subtests,XLang3 status,XLang3 subtests,failure detail,CPython failure detail
2to3,completed,2to3=346.7 ms,completed,2to3=2582 ms (0.1343× CP/XLang),,
argparse,completed,many_optionals=667.9 µs,completed,many_optionals=7.924 ms (0.0843× CP/XLang),,
argparse_subparsers,completed,subparsers=8.151 ms,completed,subparsers=147.5 ms (0.0553× CP/XLang),,
async_generators,completed,async_generators=287.5 ms,completed,async_generators=2288 ms (0.1256× CP/XLang),,
async_tree,completed,async_tree_none=227.4 ms,completed,async_tree_none=4481 ms (0.0507× CP/XLang),,
async_tree_cpu_io_mixed,completed,async_tree_cpu_io_mixed=428.6 ms,failed: Benchmark timed out,,Benchmark timed out,
async_tree_cpu_io_mixed_tg,completed,async_tree_cpu_io_mixed_tg=425.6 ms,failed: Benchmark timed out,,Benchmark timed out,
async_tree_eager,completed,async_tree_eager=86.62 ms,completed,async_tree_eager=1302 ms (0.0665× CP/XLang),,
async_tree_eager_cpu_io_mixed,completed,async_tree_eager_cpu_io_mixed=336.2 ms,failed: Benchmark timed out,,Benchmark timed out,
async_tree_eager_cpu_io_mixed_tg,completed,async_tree_eager_cpu_io_mixed_tg=388.3 ms,failed: Benchmark timed out,,Benchmark timed out,
async_tree_eager_io,completed,async_tree_eager_io=559.1 ms,failed: Benchmark timed out,,Benchmark timed out,
async_tree_eager_io_tg,completed,async_tree_eager_io_tg=555.3 ms,failed: Benchmark timed out,,Benchmark timed out,
async_tree_eager_memoization,completed,async_tree_eager_memoization=189.1 ms,failed: Benchmark timed out,,Benchmark timed out,
async_tree_eager_memoization_tg,completed,async_tree_eager_memoization_tg=261.1 ms,failed: Benchmark timed out,,Benchmark timed out,
async_tree_eager_tg,completed,async_tree_eager_tg=196.3 ms,failed: Benchmark timed out,,Benchmark timed out,
async_tree_io,completed,async_tree_io=552.1 ms,failed: Benchmark timed out,,Benchmark timed out,
async_tree_io_tg,completed,async_tree_io_tg=553.9 ms,failed: Benchmark timed out,,Benchmark timed out,
async_tree_memoization,completed,async_tree_memoization=280.8 ms,failed: Benchmark timed out,,Benchmark timed out,
async_tree_memoization_tg,completed,async_tree_memoization_tg=281.8 ms,failed: Benchmark timed out,,Benchmark timed out,
async_tree_tg,completed,async_tree_none_tg=238.3 ms,failed: Benchmark timed out,,Benchmark timed out,
asyncio_tcp,completed,asyncio_tcp=741.4 ms,failed: Benchmark timed out,,Benchmark timed out,
asyncio_tcp_ssl,failed: timed out,,failed: Benchmark timed out,,Benchmark timed out,timed out
asyncio_websockets,completed,asyncio_websockets=188.7 ms,completed,asyncio_websockets=465.2 ms (0.4057× CP/XLang),,
base64,partial: timed out,,failed: Benchmark timed out,,Benchmark timed out,timed out
bpe_tokeniser,failed: timed out,,failed: Benchmark timed out,,Benchmark timed out,timed out
chameleon,completed,chameleon=11.85 ms,failed: Benchmark died,,Benchmark died,
chaos,completed,chaos=47.75 ms,completed,chaos=436.9 ms (0.1093× CP/XLang),,
comprehensions,completed,comprehensions=14.22 µs,completed,comprehensions=166.3 µs (0.0855× CP/XLang),,
concurrent_imap,completed,bench_mp_pool=164.1 ms; bench_thread_pool=1.22 ms,failed: Benchmark died,,OSError: DuplicateHandle failed with Win32 error 6,
coroutines,completed,coroutines=17.86 ms,completed,coroutines=135.5 ms (0.1318× CP/XLang),,
coverage,completed,coverage=60.36 ms,failed: Benchmark died,,"TypeError: print_exception(): Exception expected for value, object found",
crypto_pyaes,completed,crypto_pyaes=67.92 ms,completed,crypto_pyaes=331.4 ms (0.2049× CP/XLang),,
dask,completed,dask=810.6 ms,failed: Benchmark died,,AttributeError: module 'psutil._psutil_windows' has no attribute 'virtual_mem',
deepcopy,completed,deepcopy=217.8 µs; deepcopy_reduce=2.314 µs; deepcopy_memo=23.65 µs,completed,deepcopy=2.651 ms (0.0822× CP/XLang); deepcopy_reduce=29.76 µs (0.0778× CP/XLang); deepcopy_memo=307.9 µs (0.0768× CP/XLang),,
deltablue,completed,deltablue=3.004 ms,completed,deltablue=37.67 ms (0.0797× CP/XLang),,
django_template,failed: Benchmark died,,failed: Benchmark died,,TypeError: __str__ returned non-string,Benchmark died
docutils,completed,docutils=1872 ms,failed: Benchmark died,,"KeyError: ""format mapping key 'parens' not found""",
dulwich_log,completed,dulwich_log=47.51 ms,failed: Benchmark died,,TypeError: object is not subscriptable,
fannkuch,completed,fannkuch=324 ms,completed,fannkuch=269.8 ms (1.2010× CP/XLang),,
fastapi,completed,fastapi_http=579.6 ms,failed: Benchmark timed out,,TypeError: invalid value is not hashable,
float,completed,float=57.95 ms,completed,float=74.75 ms (0.7753× CP/XLang),,
gc_collect,completed,create_gc_cycles=1.623 ms,failed: Benchmark died,,Benchmark died,
gc_traversal,completed,gc_traversal=2.332 ms,completed,gc_traversal=1.233 ms (1.8913× CP/XLang),,
generators,completed,generators=31.42 ms,completed,generators=313.3 ms (0.1003× CP/XLang),,
genshi,completed,genshi_text=24.46 ms; genshi_xml=45.65 ms,failed: Benchmark died,,TypeError: iter() expected 1 or 2 arguments,
go,completed,go=103.7 ms,completed,go=866.6 ms (0.1196× CP/XLang),,
hexiom,completed,hexiom=5.44 ms,completed,hexiom=62.32 ms (0.0873× CP/XLang),,
html5lib,completed,html5lib=49.61 ms,failed: Benchmark died,,RuntimeError: list.append expected 1 argument,
json_dumps,completed,json_dumps=8.063 ms,completed,json_dumps=34.2 ms (0.2357× CP/XLang),,
json_loads,completed,json_loads=19.33 µs,completed,json_loads=84.7 µs (0.2282× CP/XLang),,
logging,completed,logging_format=9.755 µs; logging_silent=70.03 ns; logging_simple=7.514 µs,completed,logging_format=95.96 µs (0.1017× CP/XLang); logging_silent=1.052 µs (0.0666× CP/XLang); logging_simple=86.05 µs (0.0873× CP/XLang),,
mako,completed,mako=8.554 ms,failed: Benchmark died,,KeyError: '2',
mdp,completed,mdp=1093 ms,failed: Benchmark died,,Benchmark died,
meteor_contest,completed,meteor_contest=120.2 ms,completed,meteor_contest=1228 ms (0.0979× CP/XLang),,
nbody,completed,nbody=90.4 ms,completed,nbody=293.7 ms (0.3078× CP/XLang),,
networkx,completed,shortest_path=470 ms,failed: Benchmark died,,AttributeError: object has no attribute '__argmap__',
networkx_connected_components,completed,connected_components=423.2 ms,failed: Benchmark died,,AttributeError: object has no attribute '__argmap__',
networkx_k_core,failed: timed out,,failed: Benchmark died,,AttributeError: object has no attribute '__argmap__',timed out
nqueens,completed,nqueens=76.93 ms,completed,nqueens=814.3 ms (0.0945× CP/XLang),,
pathlib,completed,pathlib=50.56 ms,completed,pathlib=545.7 ms (0.0927× CP/XLang),,
pickle,completed,pickle=9.839 µs,completed,pickle=17.61 µs (0.5588× CP/XLang),,
pickle_dict,completed,pickle_dict=26.41 µs,completed,pickle_dict=24.34 µs (1.0853× CP/XLang),,
pickle_list,completed,pickle_list=4.625 µs,completed,pickle_list=4.103 µs (1.1272× CP/XLang),,
pickle_pure_python,completed,pickle_pure_python=273.5 µs,completed,pickle_pure_python=5.236 ms (0.0522× CP/XLang),,
pidigits,completed,pidigits=164.8 ms,completed,pidigits=377.9 ms (0.4362× CP/XLang),,
pprint,completed,pprint_safe_repr=657.8 ms; pprint_pformat=1328 ms,failed: Benchmark timed out,,Benchmark timed out,
pyflate,completed,pyflate=366.5 ms,completed,pyflate=2813 ms (0.1303× CP/XLang),,
python_startup,completed,python_startup=24.94 ms,completed,python_startup=30.06 ms (0.8297× CP/XLang),,
python_startup_no_site,completed,python_startup_no_site=20.68 ms,completed,python_startup_no_site=18.1 ms (1.1431× CP/XLang),,
raytrace,completed,raytrace=272.2 ms,completed,raytrace=2188 ms (0.1244× CP/XLang),,
regex_compile,completed,regex_compile=118.6 ms,completed,regex_compile=1184 ms (0.1001× CP/XLang),,
regex_dna,completed,regex_dna=142.7 ms,completed,regex_dna=211 ms (0.6762× CP/XLang),,
regex_effbot,completed,regex_effbot=1.995 ms,completed,regex_effbot=12.34 ms (0.1617× CP/XLang),,
regex_v8,completed,regex_v8=18.81 ms,completed,regex_v8=64.75 ms (0.2905× CP/XLang),,
richards,completed,richards=36.6 ms,completed,richards=341.4 ms (0.1072× CP/XLang),,
richards_super,completed,richards_super=41.37 ms,completed,richards_super=468.3 ms (0.0883× CP/XLang),,
scimark,completed,scimark_fft=250.6 ms; scimark_lu=76.64 ms; scimark_monte_carlo=60.26 ms; scimark_sor=105.2 ms; scimark_sparse_mat_mult=3.249 ms,failed: Benchmark died,,TypeError: object cannot be interpreted as an integer,
spectral_norm,completed,spectral_norm=103.8 ms,completed,spectral_norm=506.6 ms (0.2049× CP/XLang),,
sphinx,completed,sphinx=819 ms,failed: Benchmark died,,"KeyError: ""format mapping key 'parens' not found""",
sqlalchemy_declarative,completed,sqlalchemy_declarative=95.53 ms,failed: Benchmark died,,"ImportError: parse error importing module 'sqlalchemy.sql.selectable': line 2601, column 23: invalid syntax. Did you mean 'if'?",
sqlalchemy_imperative,completed,sqlalchemy_imperative=11.45 ms,failed: Benchmark died,,"ImportError: parse error importing module 'sqlalchemy.sql.selectable': line 2601, column 23: invalid syntax. Did you mean 'if'?",
sqlglot_v2,completed,sqlglot_v2_normalize=98.39 ms,completed,sqlglot_v2_normalize=1591 ms (0.0618× CP/XLang),,
sqlglot_v2_optimize,completed,sqlglot_v2_optimize=41.61 ms,completed,sqlglot_v2_optimize=740.1 ms (0.0562× CP/XLang),,
sqlglot_v2_parse,completed,sqlglot_v2_parse=1.01 ms,completed,sqlglot_v2_parse=20.96 ms (0.0482× CP/XLang),,
sqlglot_v2_transpile,completed,sqlglot_v2_transpile=1.302 ms,completed,sqlglot_v2_transpile=24.52 ms (0.0531× CP/XLang),,
sqlite_synth,completed,sqlite_synth=1.912 µs,failed: Benchmark died,,AttributeError: 'Connection' object has no attribute 'create_aggregate',
sympy,failed: Benchmark died,,failed: Benchmark died,,Benchmark died,Benchmark died
telco,completed,telco=5.755 ms,completed,telco=40.91 ms (0.1407× CP/XLang),,
tomli_loads,completed,tomli_loads=1845 ms,failed: Benchmark timed out,,Benchmark timed out,
tornado_http,completed,tornado_http=274.7 ms,completed,tornado_http=1389 ms (0.1977× CP/XLang),,
typing_runtime_protocols,completed,typing_runtime_protocols=132.4 µs,completed,typing_runtime_protocols=248 µs (0.5339× CP/XLang),,
unpack_sequence,completed,unpack_sequence=44.67 ns,completed,unpack_sequence=156.8 ns (0.2848× CP/XLang),,
unpickle,completed,unpickle=10.58 µs,completed,unpickle=63.78 µs (0.1660× CP/XLang),,
unpickle_list,completed,unpickle_list=3.365 µs,completed,unpickle_list=11.36 µs (0.2962× CP/XLang),,
unpickle_pure_python,completed,unpickle_pure_python=205.3 µs,completed,unpickle_pure_python=2.319 ms (0.0885× CP/XLang),,
xdsl,completed,xdsl_constant_fold=35.78 ms,failed: Benchmark died,,AttributeError: GenericAlias object has no attribute 'get',
xml_etree,completed,xml_etree_parse=116 ms; xml_etree_iterparse=72.67 ms; xml_etree_generate=80.22 ms; xml_etree_process=51.04 ms,failed: Benchmark died,,AssertionError: missing end tags,
