pyperformance benchmark,CPython 3.14 status,CPython current fast subtests,XLang3 current fast status,XLang3 current fast subtests,Failure detail,Measurement mode
2to3,completed,2to3=251.674ms,failed: timed out,,timed out,full pyperformance --fast (2026-09-29)
argparse,completed,many_optionals=0.668398ms,completed,many_optionals=10.8186ms (0.061782x CP/XLang),,full pyperformance --fast (2026-09-29)
argparse_subparsers,completed,subparsers=7.60108ms,completed,subparsers=246.523ms (0.030833x CP/XLang),,full pyperformance --fast (2026-09-29)
async_generators,completed,async_generators=277.756ms,failed: timed out,,timed out,full pyperformance --fast (2026-09-29)
async_tree,completed,async_tree_none=226.436ms,failed: timed out,,timed out,full pyperformance --fast (2026-09-29)
async_tree_cpu_io_mixed,completed,async_tree_cpu_io_mixed=430.097ms,failed: timed out,,timed out,full pyperformance --fast (2026-09-29)
async_tree_cpu_io_mixed_tg,completed,async_tree_cpu_io_mixed_tg=424ms,failed: timed out,,timed out,full pyperformance --fast (2026-09-29)
async_tree_eager,completed,async_tree_eager=84.8434ms,failed: timed out,,timed out,full pyperformance --fast (2026-09-29)
async_tree_eager_cpu_io_mixed,completed,async_tree_eager_cpu_io_mixed=333.81ms,failed: timed out,,timed out,full pyperformance --fast (2026-09-29)
async_tree_eager_cpu_io_mixed_tg,completed,async_tree_eager_cpu_io_mixed_tg=393.708ms,failed: timed out,,timed out,full pyperformance --fast (2026-09-29)
async_tree_eager_io,completed,async_tree_eager_io=564.455ms,failed: timed out,,timed out,full pyperformance --fast (2026-09-29)
async_tree_eager_io_tg,completed,async_tree_eager_io_tg=561.145ms,failed: timed out,,timed out,full pyperformance --fast (2026-09-29)
async_tree_eager_memoization,completed,async_tree_eager_memoization=191.569ms,failed: timed out,,timed out,full pyperformance --fast (2026-09-29)
async_tree_eager_memoization_tg,completed,async_tree_eager_memoization_tg=270.171ms,failed: timed out,,timed out,full pyperformance --fast (2026-09-29)
async_tree_eager_tg,completed,async_tree_eager_tg=196.478ms,failed: timed out,,timed out,full pyperformance --fast (2026-09-29)
async_tree_io,completed,async_tree_io=573.188ms,failed: timed out,,timed out,full pyperformance --fast (2026-09-29)
async_tree_io_tg,completed,async_tree_io_tg=558.669ms,failed: timed out,,timed out,full pyperformance --fast (2026-09-29)
async_tree_memoization,completed,async_tree_memoization=281.985ms,failed: timed out,,timed out,full pyperformance --fast (2026-09-29)
async_tree_memoization_tg,completed,async_tree_memoization_tg=282.14ms,failed: timed out,,timed out,full pyperformance --fast (2026-09-29)
async_tree_tg,completed,async_tree_none_tg=242.232ms,failed: timed out,,timed out,full pyperformance --fast (2026-09-29)
asyncio_tcp,completed,asyncio_tcp=739.771ms,failed: timed out,,timed out,full pyperformance --fast (2026-09-29)
asyncio_tcp_ssl,completed,asyncio_tcp_ssl=4466.71ms,failed: benchmark died,,benchmark process died,full pyperformance --fast (2026-09-29)
asyncio_websockets,completed,asyncio_websockets=192.169ms,completed,asyncio_websockets=558.505ms (0.34408x CP/XLang),,full pyperformance --fast (2026-09-29)
base64,completed,base64_small=0.267936ms; base64_large=7.90688ms; urlsafe_base64_small=0.406182ms; base32_small=7.30979ms; base32_large=378.379ms; base16_small=0.29016ms; base16_large=6.10054ms; ascii85_small=15.7288ms; ascii85_large=842.142ms; base85_small=5.36606ms; base85_large=295.84ms,failed: timed out,,timed out,full pyperformance --fast (2026-09-29)
bpe_tokeniser,completed,bpe_tokeniser=3533.09ms,failed: timed out,,timed out,full pyperformance --fast (2026-09-29)
chameleon,completed,chameleon=11.5539ms,failed: benchmark died,,benchmark process died,full pyperformance --fast (2026-09-29)
chaos,completed,chaos=46.8551ms,completed,chaos=675.974ms (0.069315x CP/XLang),,full pyperformance --fast (2026-09-29)
comprehensions,completed,comprehensions=0.0136876ms,completed,comprehensions=0.216094ms (0.063341x CP/XLang),,full pyperformance --fast (2026-09-29)
concurrent_imap,completed,bench_mp_pool=158.658ms; bench_thread_pool=1.14478ms,failed: benchmark died,,benchmark process died,full pyperformance --fast (2026-09-29)
coroutines,completed,coroutines=17.4385ms,completed,coroutines=754.73ms (0.023106x CP/XLang),,full pyperformance --fast (2026-09-29)
coverage,completed,coverage=63.455ms,failed: benchmark died,,benchmark process died,full pyperformance --fast (2026-09-29)
crypto_pyaes,completed,crypto_pyaes=55.2763ms,completed,crypto_pyaes=466.553ms (0.11848x CP/XLang),,full pyperformance --fast (2026-09-29)
dask,completed,dask=769.434ms,failed: benchmark died,,benchmark process died,full pyperformance --fast (2026-09-29)
deepcopy,completed,deepcopy=0.210039ms; deepcopy_reduce=0.00220295ms; deepcopy_memo=0.0214685ms,completed,deepcopy=7.43232ms (0.02826x CP/XLang); deepcopy_reduce=0.0655425ms (0.033611x CP/XLang); deepcopy_memo=1.13691ms (0.018883x CP/XLang),,full pyperformance --fast (2026-09-29)
deltablue,completed,deltablue=2.48469ms,completed,deltablue=68.5023ms (0.036272x CP/XLang),,full pyperformance --fast (2026-09-29)
django_template,completed,django_template=28.9841ms,failed: benchmark died,,benchmark process died,full pyperformance --fast (2026-09-29)
docutils,completed,docutils=1811.73ms,failed: benchmark died,,benchmark process died,full pyperformance --fast (2026-09-29)
dulwich_log,completed,dulwich_log=66.5561ms,failed: benchmark died,,benchmark process died,full pyperformance --fast (2026-09-29)
fannkuch,completed,fannkuch=312.286ms,completed,fannkuch=1913.28ms (0.16322x CP/XLang),,full pyperformance --fast (2026-09-29)
fastapi,completed,fastapi_http=415.245ms,failed: benchmark died,,benchmark process died,full pyperformance --fast (2026-09-29)
float,completed,float=56.1802ms,completed,float=74.9665ms (0.7494x CP/XLang),,full pyperformance --fast (2026-09-29)
gc_collect,completed,create_gc_cycles=1.56032ms,failed: benchmark died,,benchmark process died,full pyperformance --fast (2026-09-29)
gc_traversal,completed,gc_traversal=2.369ms,completed,gc_traversal=83.0631ms (0.02852x CP/XLang),,full pyperformance --fast (2026-09-29)
generators,completed,generators=27.0079ms,completed,generators=1021.88ms (0.02643x CP/XLang),,full pyperformance --fast (2026-09-29)
genshi,completed,genshi_text=18.9624ms; genshi_xml=41.6582ms,failed: benchmark died,,benchmark process died,full pyperformance --fast (2026-09-29)
go,completed,go=94.2161ms,completed,go=1805.29ms (0.052189x CP/XLang),,full pyperformance --fast (2026-09-29)
hexiom,completed,hexiom=4.92847ms,completed,hexiom=81.5442ms (0.060439x CP/XLang),,full pyperformance --fast (2026-09-29)
html5lib,completed,html5lib=42.3449ms,failed: benchmark died,,benchmark process died,full pyperformance --fast (2026-09-29)
json_dumps,completed,json_dumps=7.58351ms,completed,json_dumps=55.935ms (0.13558x CP/XLang),,full pyperformance --fast (2026-09-29)
json_loads,completed,json_loads=0.0175438ms,completed,json_loads=0.114594ms (0.1531x CP/XLang),,full pyperformance --fast (2026-09-29)
logging,completed,logging_format=0.00731575ms; logging_silent=6.69281e-05ms; logging_simple=0.00675492ms,completed,logging_format=0.139429ms (0.052469x CP/XLang); logging_silent=0.00324545ms (0.020622x CP/XLang); logging_simple=0.13965ms (0.04837x CP/XLang),,full pyperformance --fast (2026-09-29)
mako,completed,mako=7.49018ms,failed: benchmark died,,benchmark process died,full pyperformance --fast (2026-09-29)
mdp,completed,mdp=975.11ms,failed: benchmark died,,benchmark process died,full pyperformance --fast (2026-09-29)
meteor_contest,completed,meteor_contest=87.4131ms,completed,meteor_contest=1367.83ms (0.063906x CP/XLang),,full pyperformance --fast (2026-09-29)
nbody,completed,nbody=81.038ms,completed,nbody=284.521ms (0.28482x CP/XLang),,full pyperformance --fast (2026-09-29)
networkx,completed,shortest_path=481.609ms,failed: benchmark died,,benchmark process died,full pyperformance --fast (2026-09-29)
networkx_connected_components,completed,connected_components=428.434ms,failed: benchmark died,,benchmark process died,full pyperformance --fast (2026-09-29)
networkx_k_core,completed,k_core=2361.53ms,failed: benchmark died,,benchmark process died,full pyperformance --fast (2026-09-29)
nqueens,completed,nqueens=73.9361ms,completed,nqueens=886.489ms (0.083403x CP/XLang),,full pyperformance --fast (2026-09-29)
pathlib,completed,pathlib=47.8175ms,completed,pathlib=687.484ms (0.069554x CP/XLang),,full pyperformance --fast (2026-09-29)
pickle,completed,pickle=0.00907842ms,completed,pickle=0.0355ms (0.25573x CP/XLang),,focused pyperformance --fast rerun after memo optimization
pickle_dict,completed,pickle_dict=0.0232063ms,completed,pickle_dict=0.0199683ms (1.1622x CP/XLang),,full pyperformance --fast (2026-09-29)
pickle_list,completed,pickle_list=0.00395186ms,completed,pickle_list=0.00303ms (1.3042x CP/XLang),,full pyperformance --fast (2026-09-29)
pickle_pure_python,completed,pickle_pure_python=0.252284ms,completed,pickle_pure_python=10.4854ms (0.02406x CP/XLang),,full pyperformance --fast (2026-09-29)
pidigits,completed,pidigits=164.38ms,completed,pidigits=387.206ms (0.42453x CP/XLang),,full pyperformance --fast (2026-09-29)
pprint,completed,pprint_safe_repr=575.927ms; pprint_pformat=1180.02ms,failed: timed out,,timed out,full pyperformance --fast (2026-09-29)
pyflate,completed,pyflate=328.524ms,failed: timed out,,timed out,full pyperformance --fast (2026-09-29)
python_startup,completed,python_startup=31.2637ms,completed,python_startup=34.6495ms (0.90228x CP/XLang),,full pyperformance --fast (2026-09-29)
python_startup_no_site,completed,python_startup_no_site=24.6155ms,completed,python_startup_no_site=21.0846ms (1.1675x CP/XLang),,full pyperformance --fast (2026-09-29)
raytrace,completed,raytrace=217.002ms,failed: timed out,,timed out,full pyperformance --fast (2026-09-29)
regex_compile,completed,regex_compile=93.6407ms,failed: timed out,,timed out,full pyperformance --fast (2026-09-29)
regex_dna,completed,regex_dna=132.329ms,completed,regex_dna=206.042ms (0.64224x CP/XLang),,full pyperformance --fast (2026-09-29)
regex_effbot,completed,regex_effbot=1.7946ms,completed,regex_effbot=13.6679ms (0.1313x CP/XLang),,full pyperformance --fast (2026-09-29)
regex_v8,completed,regex_v8=16.4623ms,completed,regex_v8=78.4583ms (0.20982x CP/XLang),,full pyperformance --fast (2026-09-29)
richards,completed,richards=33.3574ms,completed,richards=726.193ms (0.045935x CP/XLang),,full pyperformance --fast (2026-09-29)
richards_super,completed,richards_super=37.3086ms,completed,richards_super=844.815ms (0.044162x CP/XLang),,full pyperformance --fast (2026-09-29)
scimark,completed,scimark_fft=219.317ms; scimark_lu=72.8907ms; scimark_monte_carlo=50.9483ms; scimark_sor=94.2419ms; scimark_sparse_mat_mult=3.01707ms,failed: benchmark died,,benchmark process died,full pyperformance --fast (2026-09-29)
spectral_norm,completed,spectral_norm=72.1761ms,completed,spectral_norm=735.077ms (0.098188x CP/XLang),,full pyperformance --fast (2026-09-29)
sphinx,completed,sphinx=728.74ms,failed: benchmark died,,benchmark process died,full pyperformance --fast (2026-09-29)
sqlalchemy_declarative,completed,sqlalchemy_declarative=87.4334ms,failed: benchmark died,,benchmark process died,full pyperformance --fast (2026-09-29)
sqlalchemy_imperative,completed,sqlalchemy_imperative=10.6188ms,failed: benchmark died,,benchmark process died,full pyperformance --fast (2026-09-29)
sqlglot_v2,completed,sqlglot_v2_normalize=85.1819ms,failed: benchmark died,,benchmark process died,full pyperformance --fast (2026-09-29)
sqlglot_v2_optimize,completed,sqlglot_v2_optimize=41.0163ms,failed: benchmark died,,benchmark process died,full pyperformance --fast (2026-09-29)
sqlglot_v2_parse,completed,sqlglot_v2_parse=0.94893ms,failed: benchmark died,,benchmark process died,full pyperformance --fast (2026-09-29)
sqlglot_v2_transpile,completed,sqlglot_v2_transpile=1.1868ms,failed: benchmark died,,benchmark process died,full pyperformance --fast (2026-09-29)
sqlite_synth,completed,sqlite_synth=0.00175974ms,failed: benchmark died,,benchmark process died,full pyperformance --fast (2026-09-29)
sympy,completed,sympy_expand=336.421ms; sympy_integrate=14.2253ms; sympy_sum=100.98ms; sympy_str=194.058ms,failed: benchmark died,,benchmark process died,full pyperformance --fast (2026-09-29)
telco,completed,telco=5.54049ms,failed: timed out,,timed out,full pyperformance --fast (2026-09-29)
tomli_loads,completed,tomli_loads=1689.3ms,failed: timed out,,timed out,full pyperformance --fast (2026-09-29)
tornado_http,completed,tornado_http=232.943ms,failed: benchmark died,,benchmark process died,full pyperformance --fast (2026-09-29)
typing_runtime_protocols,completed,typing_runtime_protocols=0.124367ms,completed,typing_runtime_protocols=8.25447ms (0.015067x CP/XLang),,full pyperformance --fast (2026-09-29)
unpack_sequence,completed,unpack_sequence=3.54493e-05ms,completed,unpack_sequence=0.000150839ms (0.23501x CP/XLang),,full pyperformance --fast (2026-09-29)
unpickle,completed,unpickle=0.0097ms,completed,unpickle=5.0326ms (0.0019274x CP/XLang),,full pyperformance --fast (2026-09-29)
unpickle_list,completed,unpickle_list=0.00315896ms,completed,unpickle_list=1.69359ms (0.0018652x CP/XLang),,full pyperformance --fast (2026-09-29)
unpickle_pure_python,completed,unpickle_pure_python=0.161446ms,completed,unpickle_pure_python=5.55744ms (0.02905x CP/XLang),,full pyperformance --fast (2026-09-29)
xdsl,completed,xdsl_constant_fold=32.8031ms,failed: benchmark died,,benchmark process died,full pyperformance --fast (2026-09-29)
xml_etree,completed,xml_etree_parse=107.561ms; xml_etree_iterparse=68.2502ms; xml_etree_generate=66.3037ms; xml_etree_process=46.0111ms,failed: benchmark died,,benchmark process died,full pyperformance --fast (2026-09-29)
