benchmark,origin,attempt_id,valid,status,child_launched,retained,origin_binding_digest,origin_expected_pin_digest,receipt,receipt_sha256,reason,timing_scoring_permitted
2to3,original-v1,pyperformance-xlang3-gc-r7b-per-definition-full-fast-20261009-2to3-attempt-01,True,completed,True,True,acd69fc5e3c350b172958276ddbd90f3f585794e8634b5541b80c2a233194c00,a9cb9fcadd403b2788f93bc16e238b9f2e526c892abf3c9b12399f18191e21dc,pyperformance-xlang3-gc-r7b-per-definition-full-fast-20261009-2to3-attempt-01.attempt.json,79aee926def619956dc87fb9a2fff52396dde2b962188b9f91c20d88cf6be0fb,,True
argparse,original-v1,pyperformance-xlang3-gc-r7b-per-definition-full-fast-20261009-argparse-attempt-01,True,completed,True,True,acd69fc5e3c350b172958276ddbd90f3f585794e8634b5541b80c2a233194c00,a9cb9fcadd403b2788f93bc16e238b9f2e526c892abf3c9b12399f18191e21dc,pyperformance-xlang3-gc-r7b-per-definition-full-fast-20261009-argparse-attempt-01.attempt.json,35e83838bc0f261bd377ff0b8f5dbafd2fc78691179def9bca9e941521b48d05,,True
argparse_subparsers,original-v1,pyperformance-xlang3-gc-r7b-per-definition-full-fast-20261009-argparse_subparsers-attempt-01,True,completed,True,True,acd69fc5e3c350b172958276ddbd90f3f585794e8634b5541b80c2a233194c00,a9cb9fcadd403b2788f93bc16e238b9f2e526c892abf3c9b12399f18191e21dc,pyperformance-xlang3-gc-r7b-per-definition-full-fast-20261009-argparse_subparsers-attempt-01.attempt.json,2b75dc9bb42866c1b9697c90ea1b86ffacd7e4ba1b44593141947f45d77c1594,,True
async_generators,original-v1,pyperformance-xlang3-gc-r7b-per-definition-full-fast-20261009-async_generators-attempt-01,True,completed,True,True,acd69fc5e3c350b172958276ddbd90f3f585794e8634b5541b80c2a233194c00,a9cb9fcadd403b2788f93bc16e238b9f2e526c892abf3c9b12399f18191e21dc,pyperformance-xlang3-gc-r7b-per-definition-full-fast-20261009-async_generators-attempt-01.attempt.json,0674fc551171214e7a39c587cde2be6d5849c9416de9d217c784340443a55688,,True
async_tree,original-v1,pyperformance-xlang3-gc-r7b-per-definition-full-fast-20261009-async_tree-attempt-01,False,invalid,True,False,acd69fc5e3c350b172958276ddbd90f3f585794e8634b5541b80c2a233194c00,a9cb9fcadd403b2788f93bc16e238b9f2e526c892abf3c9b12399f18191e21dc,pyperformance-xlang3-gc-r7b-per-definition-full-fast-20261009-async_tree-attempt-01.attempt.json,b84430f1c3b298624e5a3d3ef002768edd14f3adf48afa3b57a34ee8972a7fe2,,False
async_tree,supplement-v2,pyperformance-xlang3-gc-r7b-per-definition-ownership-supplement-20261009-async_tree-attempt-01,True,completed,True,True,af19128ff6bd605f4e28a21a6a9bb4e01042c963bf6d19d951e8dcd3569b238a,bac1258e4ceb99652a9a714edff37d3f96940c54a52986ea027af3c4221b2c10,pyperformance-xlang3-gc-r7b-per-definition-ownership-supplement-20261009-async_tree-attempt-01.attempt.json,110dd24e3e3f77cbc6073e091f91f0bdfc31aac7db2b3e297a8b0e05bd716dcd,,True
async_tree_cpu_io_mixed,original-v1,pyperformance-xlang3-gc-r7b-per-definition-full-fast-20261009-async_tree_cpu_io_mixed-attempt-01,True,completed,True,True,acd69fc5e3c350b172958276ddbd90f3f585794e8634b5541b80c2a233194c00,a9cb9fcadd403b2788f93bc16e238b9f2e526c892abf3c9b12399f18191e21dc,pyperformance-xlang3-gc-r7b-per-definition-full-fast-20261009-async_tree_cpu_io_mixed-attempt-01.attempt.json,ed2a7a3147fa2c989f8f3b9faa7ddce12584147457b5df40816ab9d88326e081,,True
async_tree_cpu_io_mixed_tg,original-v1,pyperformance-xlang3-gc-r7b-per-definition-full-fast-20261009-async_tree_cpu_io_mixed_tg-attempt-01,False,invalid,True,False,acd69fc5e3c350b172958276ddbd90f3f585794e8634b5541b80c2a233194c00,a9cb9fcadd403b2788f93bc16e238b9f2e526c892abf3c9b12399f18191e21dc,pyperformance-xlang3-gc-r7b-per-definition-full-fast-20261009-async_tree_cpu_io_mixed_tg-attempt-01.attempt.json,2154bbd3747cb45e5e805e5816ded210914994ef826df8e2741f58b780f2b3eb,,False
async_tree_cpu_io_mixed_tg,supplement-v2,pyperformance-xlang3-gc-r7b-per-definition-ownership-supplement-20261009-async_tree_cpu_io_mixed_tg-attempt-01,True,completed,True,True,af19128ff6bd605f4e28a21a6a9bb4e01042c963bf6d19d951e8dcd3569b238a,bac1258e4ceb99652a9a714edff37d3f96940c54a52986ea027af3c4221b2c10,pyperformance-xlang3-gc-r7b-per-definition-ownership-supplement-20261009-async_tree_cpu_io_mixed_tg-attempt-01.attempt.json,e032c535e0b2c872fbbb7f7bf5338619ab9ae20ad777c7a5240c4efd9f6eeeba,,True
async_tree_eager,original-v1,pyperformance-xlang3-gc-r7b-per-definition-full-fast-20261009-async_tree_eager-attempt-01,False,invalid,True,False,acd69fc5e3c350b172958276ddbd90f3f585794e8634b5541b80c2a233194c00,a9cb9fcadd403b2788f93bc16e238b9f2e526c892abf3c9b12399f18191e21dc,pyperformance-xlang3-gc-r7b-per-definition-full-fast-20261009-async_tree_eager-attempt-01.attempt.json,29d6c7ecbe411a596cb0c6f237599d99bf3cd5a87ac9e3b93180de0cb8efa82c,,False
async_tree_eager,supplement-v2,pyperformance-xlang3-gc-r7b-per-definition-ownership-supplement-20261009-async_tree_eager-attempt-01,True,completed,True,True,af19128ff6bd605f4e28a21a6a9bb4e01042c963bf6d19d951e8dcd3569b238a,bac1258e4ceb99652a9a714edff37d3f96940c54a52986ea027af3c4221b2c10,pyperformance-xlang3-gc-r7b-per-definition-ownership-supplement-20261009-async_tree_eager-attempt-01.attempt.json,37b05a7a47a4927f7312d0dce655ae1045a3e82a5f9be241f9014e17a44ea03c,,True
async_tree_eager_cpu_io_mixed,original-v1,pyperformance-xlang3-gc-r7b-per-definition-full-fast-20261009-async_tree_eager_cpu_io_mixed-attempt-01,True,completed,True,True,acd69fc5e3c350b172958276ddbd90f3f585794e8634b5541b80c2a233194c00,a9cb9fcadd403b2788f93bc16e238b9f2e526c892abf3c9b12399f18191e21dc,pyperformance-xlang3-gc-r7b-per-definition-full-fast-20261009-async_tree_eager_cpu_io_mixed-attempt-01.attempt.json,2e485c0d3472f0a490c4639c5d7d1dbe6e87f80830588d0cb1744ef32643b344,,True
async_tree_eager_cpu_io_mixed_tg,original-v1,pyperformance-xlang3-gc-r7b-per-definition-full-fast-20261009-async_tree_eager_cpu_io_mixed_tg-attempt-01,True,completed,True,True,acd69fc5e3c350b172958276ddbd90f3f585794e8634b5541b80c2a233194c00,a9cb9fcadd403b2788f93bc16e238b9f2e526c892abf3c9b12399f18191e21dc,pyperformance-xlang3-gc-r7b-per-definition-full-fast-20261009-async_tree_eager_cpu_io_mixed_tg-attempt-01.attempt.json,d91f24950cccf5eb2a57cb6f7084476360e50dde83775cd16da4bb765cd5df0c,,True
async_tree_eager_io,original-v1,pyperformance-xlang3-gc-r7b-per-definition-full-fast-20261009-async_tree_eager_io-attempt-01,False,invalid,True,False,acd69fc5e3c350b172958276ddbd90f3f585794e8634b5541b80c2a233194c00,a9cb9fcadd403b2788f93bc16e238b9f2e526c892abf3c9b12399f18191e21dc,pyperformance-xlang3-gc-r7b-per-definition-full-fast-20261009-async_tree_eager_io-attempt-01.attempt.json,898ec60481cd7fd7936189d3d81982c5d477c6d931713bed1264bb7317da327c,,False
async_tree_eager_io,supplement-v2,pyperformance-xlang3-gc-r7b-per-definition-ownership-supplement-20261009-async_tree_eager_io-attempt-01,True,failed,True,True,af19128ff6bd605f4e28a21a6a9bb4e01042c963bf6d19d951e8dcd3569b238a,bac1258e4ceb99652a9a714edff37d3f96940c54a52986ea027af3c4221b2c10,pyperformance-xlang3-gc-r7b-per-definition-ownership-supplement-20261009-async_tree_eager_io-attempt-01.attempt.json,c69076f3433abc230e518957474003a7089758c8792a216678465fa650577889,ERROR: Benchmark async_tree_eager_io timed out,False
async_tree_eager_io_tg,original-v1,pyperformance-xlang3-gc-r7b-per-definition-full-fast-20261009-async_tree_eager_io_tg-attempt-01,False,invalid,True,False,acd69fc5e3c350b172958276ddbd90f3f585794e8634b5541b80c2a233194c00,a9cb9fcadd403b2788f93bc16e238b9f2e526c892abf3c9b12399f18191e21dc,pyperformance-xlang3-gc-r7b-per-definition-full-fast-20261009-async_tree_eager_io_tg-attempt-01.attempt.json,51db162e55dc7cae45513857a55d928e472c22381dc6d6d298cd407497dc1673,RuntimeError('Manager failure lacks original definition failure evidence'),False
async_tree_eager_io_tg,supplement-v2,pyperformance-xlang3-gc-r7b-per-definition-ownership-supplement-20261009-async_tree_eager_io_tg-attempt-01,True,failed,True,True,af19128ff6bd605f4e28a21a6a9bb4e01042c963bf6d19d951e8dcd3569b238a,bac1258e4ceb99652a9a714edff37d3f96940c54a52986ea027af3c4221b2c10,pyperformance-xlang3-gc-r7b-per-definition-ownership-supplement-20261009-async_tree_eager_io_tg-attempt-01.attempt.json,0fa57debcda6cf32faaacfa91c663642a8b2867590789d5a6d78801c740a7669,ERROR: Benchmark async_tree_eager_io_tg timed out,False
async_tree_eager_memoization,original-v1,pyperformance-xlang3-gc-r7b-per-definition-full-fast-20261009-async_tree_eager_memoization-attempt-01,True,completed,True,True,acd69fc5e3c350b172958276ddbd90f3f585794e8634b5541b80c2a233194c00,a9cb9fcadd403b2788f93bc16e238b9f2e526c892abf3c9b12399f18191e21dc,pyperformance-xlang3-gc-r7b-per-definition-full-fast-20261009-async_tree_eager_memoization-attempt-01.attempt.json,6aff9ff3e74eaf89b5e0697ecbfe6fa1bf24c0bc86edc1d23860855caa5212c1,,True
async_tree_eager_memoization_tg,original-v1,pyperformance-xlang3-gc-r7b-per-definition-full-fast-20261009-async_tree_eager_memoization_tg-attempt-01,True,completed,True,True,acd69fc5e3c350b172958276ddbd90f3f585794e8634b5541b80c2a233194c00,a9cb9fcadd403b2788f93bc16e238b9f2e526c892abf3c9b12399f18191e21dc,pyperformance-xlang3-gc-r7b-per-definition-full-fast-20261009-async_tree_eager_memoization_tg-attempt-01.attempt.json,f7d2e45767b89d57de1324d1214a6c8628b7d6b7718680827542005383c2c7bd,,True
async_tree_eager_tg,original-v1,pyperformance-xlang3-gc-r7b-per-definition-full-fast-20261009-async_tree_eager_tg-attempt-01,False,invalid,True,False,acd69fc5e3c350b172958276ddbd90f3f585794e8634b5541b80c2a233194c00,a9cb9fcadd403b2788f93bc16e238b9f2e526c892abf3c9b12399f18191e21dc,pyperformance-xlang3-gc-r7b-per-definition-full-fast-20261009-async_tree_eager_tg-attempt-01.attempt.json,36abf8395d0364e8e182e14148da1a38ed96851ca777a70df4b239f4673f1d83,,False
async_tree_eager_tg,supplement-v2,pyperformance-xlang3-gc-r7b-per-definition-ownership-supplement-20261009-async_tree_eager_tg-attempt-01,True,completed,True,True,af19128ff6bd605f4e28a21a6a9bb4e01042c963bf6d19d951e8dcd3569b238a,bac1258e4ceb99652a9a714edff37d3f96940c54a52986ea027af3c4221b2c10,pyperformance-xlang3-gc-r7b-per-definition-ownership-supplement-20261009-async_tree_eager_tg-attempt-01.attempt.json,84ee93d4e2d2b9bf78401f859c6ea672c7ad8e9d199d088238318f0796167a0e,,True
async_tree_io,original-v1,pyperformance-xlang3-gc-r7b-per-definition-full-fast-20261009-async_tree_io-attempt-01,False,invalid,True,False,acd69fc5e3c350b172958276ddbd90f3f585794e8634b5541b80c2a233194c00,a9cb9fcadd403b2788f93bc16e238b9f2e526c892abf3c9b12399f18191e21dc,pyperformance-xlang3-gc-r7b-per-definition-full-fast-20261009-async_tree_io-attempt-01.attempt.json,d0e892f0ede0176c3a2c4089fb30a63aa7e04eb965f6bb0385e621435e4b63d8,RuntimeError('Manager failure lacks original definition failure evidence'),False
async_tree_io,supplement-v2,pyperformance-xlang3-gc-r7b-per-definition-ownership-supplement-20261009-async_tree_io-attempt-01,True,failed,True,True,af19128ff6bd605f4e28a21a6a9bb4e01042c963bf6d19d951e8dcd3569b238a,bac1258e4ceb99652a9a714edff37d3f96940c54a52986ea027af3c4221b2c10,pyperformance-xlang3-gc-r7b-per-definition-ownership-supplement-20261009-async_tree_io-attempt-01.attempt.json,e4ba98778247541d8940b2094e9d2732ada256ea5ba9c1925a89d8434f59d8dd,ERROR: Benchmark async_tree_io timed out,False
async_tree_io_tg,original-v1,pyperformance-xlang3-gc-r7b-per-definition-full-fast-20261009-async_tree_io_tg-attempt-01,False,invalid,True,False,acd69fc5e3c350b172958276ddbd90f3f585794e8634b5541b80c2a233194c00,a9cb9fcadd403b2788f93bc16e238b9f2e526c892abf3c9b12399f18191e21dc,pyperformance-xlang3-gc-r7b-per-definition-full-fast-20261009-async_tree_io_tg-attempt-01.attempt.json,21f899a148e9685d568a4957f68a02d4817d9a1f513de32da572d53375df3016,,False
async_tree_io_tg,supplement-v2,pyperformance-xlang3-gc-r7b-per-definition-ownership-supplement-20261009-async_tree_io_tg-attempt-01,True,failed,True,True,af19128ff6bd605f4e28a21a6a9bb4e01042c963bf6d19d951e8dcd3569b238a,bac1258e4ceb99652a9a714edff37d3f96940c54a52986ea027af3c4221b2c10,pyperformance-xlang3-gc-r7b-per-definition-ownership-supplement-20261009-async_tree_io_tg-attempt-01.attempt.json,b8552f1bf982d24e8e91161eb24080f2a02eba06398b50efb0a6421fe71adb34,ERROR: Benchmark async_tree_io_tg timed out,False
async_tree_memoization,original-v1,pyperformance-xlang3-gc-r7b-per-definition-full-fast-20261009-async_tree_memoization-attempt-01,True,completed,True,True,acd69fc5e3c350b172958276ddbd90f3f585794e8634b5541b80c2a233194c00,a9cb9fcadd403b2788f93bc16e238b9f2e526c892abf3c9b12399f18191e21dc,pyperformance-xlang3-gc-r7b-per-definition-full-fast-20261009-async_tree_memoization-attempt-01.attempt.json,89b2b80d1e588beb4dce67c07f7ab6a518b12022ab5198deba25cfb34fa552a1,,True
async_tree_memoization_tg,original-v1,pyperformance-xlang3-gc-r7b-per-definition-full-fast-20261009-async_tree_memoization_tg-attempt-01,True,completed,True,True,acd69fc5e3c350b172958276ddbd90f3f585794e8634b5541b80c2a233194c00,a9cb9fcadd403b2788f93bc16e238b9f2e526c892abf3c9b12399f18191e21dc,pyperformance-xlang3-gc-r7b-per-definition-full-fast-20261009-async_tree_memoization_tg-attempt-01.attempt.json,6f08366ceb6434bb81f1b8eabfc8f48c628a55c52fa36b2257dd8baa08f75aad,,True
async_tree_tg,original-v1,pyperformance-xlang3-gc-r7b-per-definition-full-fast-20261009-async_tree_tg-attempt-01,True,completed,True,True,acd69fc5e3c350b172958276ddbd90f3f585794e8634b5541b80c2a233194c00,a9cb9fcadd403b2788f93bc16e238b9f2e526c892abf3c9b12399f18191e21dc,pyperformance-xlang3-gc-r7b-per-definition-full-fast-20261009-async_tree_tg-attempt-01.attempt.json,617005e8dce24efa14116b53c4c0528b3b86091980a12210d81344b4cb36c89c,,True
asyncio_tcp,original-v1,pyperformance-xlang3-gc-r7b-per-definition-full-fast-20261009-asyncio_tcp-attempt-01,True,completed,True,True,acd69fc5e3c350b172958276ddbd90f3f585794e8634b5541b80c2a233194c00,a9cb9fcadd403b2788f93bc16e238b9f2e526c892abf3c9b12399f18191e21dc,pyperformance-xlang3-gc-r7b-per-definition-full-fast-20261009-asyncio_tcp-attempt-01.attempt.json,82c2310e0db3e1cd8fb174ec5eb25c7c397bae100f6986b1e065b17b9a56e141,,True
asyncio_tcp_ssl,original-v1,pyperformance-xlang3-gc-r7b-per-definition-full-fast-20261009-asyncio_tcp_ssl-attempt-01,False,invalid,True,False,acd69fc5e3c350b172958276ddbd90f3f585794e8634b5541b80c2a233194c00,a9cb9fcadd403b2788f93bc16e238b9f2e526c892abf3c9b12399f18191e21dc,pyperformance-xlang3-gc-r7b-per-definition-full-fast-20261009-asyncio_tcp_ssl-attempt-01.attempt.json,d9961c894a58949e40bde46c94eab78eb1a347b205d3d141ff5271923dd34b46,,False
asyncio_tcp_ssl,supplement-v2,pyperformance-xlang3-gc-r7b-per-definition-ownership-supplement-20261009-asyncio_tcp_ssl-attempt-01,True,failed,True,True,af19128ff6bd605f4e28a21a6a9bb4e01042c963bf6d19d951e8dcd3569b238a,bac1258e4ceb99652a9a714edff37d3f96940c54a52986ea027af3c4221b2c10,pyperformance-xlang3-gc-r7b-per-definition-ownership-supplement-20261009-asyncio_tcp_ssl-attempt-01.attempt.json,32bfaf5480bb09e992736d03933e646c51f0708fb57c0d0ff173c7a2ce035b8f,ERROR: Benchmark asyncio_tcp_ssl timed out,False
asyncio_websockets,original-v1,pyperformance-xlang3-gc-r7b-per-definition-full-fast-20261009-asyncio_websockets-attempt-01,True,completed,True,True,acd69fc5e3c350b172958276ddbd90f3f585794e8634b5541b80c2a233194c00,a9cb9fcadd403b2788f93bc16e238b9f2e526c892abf3c9b12399f18191e21dc,pyperformance-xlang3-gc-r7b-per-definition-full-fast-20261009-asyncio_websockets-attempt-01.attempt.json,c1d7e2c29b91d83389cade73ec21270c786c0d5fafd1114ede5f9d1cd805f63d,,True
base64,original-v1,pyperformance-xlang3-gc-r7b-per-definition-full-fast-20261009-base64-attempt-01,False,invalid,True,False,acd69fc5e3c350b172958276ddbd90f3f585794e8634b5541b80c2a233194c00,a9cb9fcadd403b2788f93bc16e238b9f2e526c892abf3c9b12399f18191e21dc,pyperformance-xlang3-gc-r7b-per-definition-full-fast-20261009-base64-attempt-01.attempt.json,01e8542ea3b0f2d4b1e343a823d2b296991cd835a821caab14bac49c708e3cfa,RuntimeError('Manager failure lacks original definition failure evidence'),False
base64,supplement-v2,pyperformance-xlang3-gc-r7b-per-definition-ownership-supplement-20261009-base64-attempt-01,True,failed,True,True,af19128ff6bd605f4e28a21a6a9bb4e01042c963bf6d19d951e8dcd3569b238a,bac1258e4ceb99652a9a714edff37d3f96940c54a52986ea027af3c4221b2c10,pyperformance-xlang3-gc-r7b-per-definition-ownership-supplement-20261009-base64-attempt-01.attempt.json,ed6af25ce21ee9fda76a222d5203425ce8f6691fa70e8751398a66f19ec741f7,ERROR: Benchmark base64 timed out,False
bpe_tokeniser,original-v1,pyperformance-xlang3-gc-r7b-per-definition-full-fast-20261009-bpe_tokeniser-attempt-01,False,invalid,True,False,acd69fc5e3c350b172958276ddbd90f3f585794e8634b5541b80c2a233194c00,a9cb9fcadd403b2788f93bc16e238b9f2e526c892abf3c9b12399f18191e21dc,pyperformance-xlang3-gc-r7b-per-definition-full-fast-20261009-bpe_tokeniser-attempt-01.attempt.json,0d0b3e170d56ea4202b5106bc9b35ebf8e09f834a9eb714969dade53c92938ca,RuntimeError('Manager failure lacks original definition failure evidence'),False
bpe_tokeniser,supplement-v2,pyperformance-xlang3-gc-r7b-per-definition-ownership-supplement-20261009-bpe_tokeniser-attempt-01,True,failed,True,True,af19128ff6bd605f4e28a21a6a9bb4e01042c963bf6d19d951e8dcd3569b238a,bac1258e4ceb99652a9a714edff37d3f96940c54a52986ea027af3c4221b2c10,pyperformance-xlang3-gc-r7b-per-definition-ownership-supplement-20261009-bpe_tokeniser-attempt-01.attempt.json,b42cc555fc11604e27f8a03d6c8cf6b1e79c2b9d974e6835e72997dbd882b343,ERROR: Benchmark bpe_tokeniser timed out,False
chameleon,original-v1,pyperformance-xlang3-gc-r7b-per-definition-full-fast-20261009-chameleon-attempt-01,True,completed,True,True,acd69fc5e3c350b172958276ddbd90f3f585794e8634b5541b80c2a233194c00,a9cb9fcadd403b2788f93bc16e238b9f2e526c892abf3c9b12399f18191e21dc,pyperformance-xlang3-gc-r7b-per-definition-full-fast-20261009-chameleon-attempt-01.attempt.json,c5b8e7350fb3fe1b2b27d6152c1373bc5ef4109cc9cabf3e531ad56c4e722af4,,True
chaos,original-v1,pyperformance-xlang3-gc-r7b-per-definition-full-fast-20261009-chaos-attempt-01,True,completed,True,True,acd69fc5e3c350b172958276ddbd90f3f585794e8634b5541b80c2a233194c00,a9cb9fcadd403b2788f93bc16e238b9f2e526c892abf3c9b12399f18191e21dc,pyperformance-xlang3-gc-r7b-per-definition-full-fast-20261009-chaos-attempt-01.attempt.json,3c890ad12303dad13497c67f8709ba4640a640f7cc35ef0d271fcbcaec048cdf,,True
comprehensions,original-v1,pyperformance-xlang3-gc-r7b-per-definition-full-fast-20261009-comprehensions-attempt-01,False,invalid,True,False,acd69fc5e3c350b172958276ddbd90f3f585794e8634b5541b80c2a233194c00,a9cb9fcadd403b2788f93bc16e238b9f2e526c892abf3c9b12399f18191e21dc,pyperformance-xlang3-gc-r7b-per-definition-full-fast-20261009-comprehensions-attempt-01.attempt.json,7dba853c693c0e48e0aed4f4cbf78cba4b8ca61556d3145518a878661f618528,,False
comprehensions,supplement-v2,pyperformance-xlang3-gc-r7b-per-definition-ownership-supplement-20261009-comprehensions-attempt-01,True,completed,True,True,af19128ff6bd605f4e28a21a6a9bb4e01042c963bf6d19d951e8dcd3569b238a,bac1258e4ceb99652a9a714edff37d3f96940c54a52986ea027af3c4221b2c10,pyperformance-xlang3-gc-r7b-per-definition-ownership-supplement-20261009-comprehensions-attempt-01.attempt.json,f7f22c6f124cc95ce8f90e89722163def5ac7602a20de68cf35081a433253414,,True
concurrent_imap,original-v1,pyperformance-xlang3-gc-r7b-per-definition-full-fast-20261009-concurrent_imap-attempt-01,False,invalid,True,False,acd69fc5e3c350b172958276ddbd90f3f585794e8634b5541b80c2a233194c00,a9cb9fcadd403b2788f93bc16e238b9f2e526c892abf3c9b12399f18191e21dc,pyperformance-xlang3-gc-r7b-per-definition-full-fast-20261009-concurrent_imap-attempt-01.attempt.json,4976ced4b50ae4af0cf316026374b1b1f0541f8ab498f95b49c31354fcb7d662,RuntimeError('Manager failure lacks original definition failure evidence'),False
concurrent_imap,supplement-v2,pyperformance-xlang3-gc-r7b-per-definition-ownership-supplement-20261009-concurrent_imap-attempt-01,True,failed,True,True,af19128ff6bd605f4e28a21a6a9bb4e01042c963bf6d19d951e8dcd3569b238a,bac1258e4ceb99652a9a714edff37d3f96940c54a52986ea027af3c4221b2c10,pyperformance-xlang3-gc-r7b-per-definition-ownership-supplement-20261009-concurrent_imap-attempt-01.attempt.json,fd0aa42557841d89f34099f0562cd2309d72a72508763f9544ae01d8db7d4a1b,ERROR: Benchmark concurrent_imap failed: Benchmark died,False
coroutines,original-v1,pyperformance-xlang3-gc-r7b-per-definition-full-fast-20261009-coroutines-attempt-01,True,completed,True,True,acd69fc5e3c350b172958276ddbd90f3f585794e8634b5541b80c2a233194c00,a9cb9fcadd403b2788f93bc16e238b9f2e526c892abf3c9b12399f18191e21dc,pyperformance-xlang3-gc-r7b-per-definition-full-fast-20261009-coroutines-attempt-01.attempt.json,42d15b9e9bbe41b1c295b1a3f9413c3cecc5589c6dfc2f99c0f4ec0bab7703f2,,True
coverage,original-v1,pyperformance-xlang3-gc-r7b-per-definition-full-fast-20261009-coverage-attempt-01,True,completed,True,True,acd69fc5e3c350b172958276ddbd90f3f585794e8634b5541b80c2a233194c00,a9cb9fcadd403b2788f93bc16e238b9f2e526c892abf3c9b12399f18191e21dc,pyperformance-xlang3-gc-r7b-per-definition-full-fast-20261009-coverage-attempt-01.attempt.json,91441c236d2ea411b5cd2480183b946d52506d7525b22863e86ba5761422b622,,True
crypto_pyaes,original-v1,pyperformance-xlang3-gc-r7b-per-definition-full-fast-20261009-crypto_pyaes-attempt-01,True,completed,True,True,acd69fc5e3c350b172958276ddbd90f3f585794e8634b5541b80c2a233194c00,a9cb9fcadd403b2788f93bc16e238b9f2e526c892abf3c9b12399f18191e21dc,pyperformance-xlang3-gc-r7b-per-definition-full-fast-20261009-crypto_pyaes-attempt-01.attempt.json,2563251e15cacbdb3a068a21efcca45004d16b2bd54584bc09b2ee5f88b9b639,,True
dask,original-v1,pyperformance-xlang3-gc-r7b-per-definition-full-fast-20261009-dask-attempt-01,False,invalid,True,False,acd69fc5e3c350b172958276ddbd90f3f585794e8634b5541b80c2a233194c00,a9cb9fcadd403b2788f93bc16e238b9f2e526c892abf3c9b12399f18191e21dc,pyperformance-xlang3-gc-r7b-per-definition-full-fast-20261009-dask-attempt-01.attempt.json,ce2085258107d596a1e85c858a0fdc3a719cd6f342c19494fc126d16834fbeab,RuntimeError('Manager failure lacks original definition failure evidence'),False
dask,supplement-v2,pyperformance-xlang3-gc-r7b-per-definition-ownership-supplement-20261009-dask-attempt-01,True,failed,True,True,af19128ff6bd605f4e28a21a6a9bb4e01042c963bf6d19d951e8dcd3569b238a,bac1258e4ceb99652a9a714edff37d3f96940c54a52986ea027af3c4221b2c10,pyperformance-xlang3-gc-r7b-per-definition-ownership-supplement-20261009-dask-attempt-01.attempt.json,fab8dbda64bf69882fc3a2fcabfe10c20e1d0ec3ffda8bc58c229dc782ad4443,ERROR: Benchmark dask failed: Benchmark died,False
deepcopy,original-v1,pyperformance-xlang3-gc-r7b-per-definition-full-fast-20261009-deepcopy-attempt-01,True,completed,True,True,acd69fc5e3c350b172958276ddbd90f3f585794e8634b5541b80c2a233194c00,a9cb9fcadd403b2788f93bc16e238b9f2e526c892abf3c9b12399f18191e21dc,pyperformance-xlang3-gc-r7b-per-definition-full-fast-20261009-deepcopy-attempt-01.attempt.json,1ca2616bf57c0ea776ca779a7b86cc1dbaf6f8754f9e37e1d993b1f83e251fa9,,True
deltablue,original-v1,pyperformance-xlang3-gc-r7b-per-definition-full-fast-20261009-deltablue-attempt-01,True,completed,True,True,acd69fc5e3c350b172958276ddbd90f3f585794e8634b5541b80c2a233194c00,a9cb9fcadd403b2788f93bc16e238b9f2e526c892abf3c9b12399f18191e21dc,pyperformance-xlang3-gc-r7b-per-definition-full-fast-20261009-deltablue-attempt-01.attempt.json,d29b3cdd012f9f70c63519077bcf10a79a24068acc23aef74ddfdad0a6c776ce,,True
django_template,original-v1,pyperformance-xlang3-gc-r7b-per-definition-full-fast-20261009-django_template-attempt-01,True,completed,True,True,acd69fc5e3c350b172958276ddbd90f3f585794e8634b5541b80c2a233194c00,a9cb9fcadd403b2788f93bc16e238b9f2e526c892abf3c9b12399f18191e21dc,pyperformance-xlang3-gc-r7b-per-definition-full-fast-20261009-django_template-attempt-01.attempt.json,21e49ade66df401dc28dd0d96b1802200b6eeec96bb9d5640f0121e03c5d6707,,True
docutils,original-v1,pyperformance-xlang3-gc-r7b-per-definition-full-fast-20261009-docutils-attempt-01,False,invalid,True,False,acd69fc5e3c350b172958276ddbd90f3f585794e8634b5541b80c2a233194c00,a9cb9fcadd403b2788f93bc16e238b9f2e526c892abf3c9b12399f18191e21dc,pyperformance-xlang3-gc-r7b-per-definition-full-fast-20261009-docutils-attempt-01.attempt.json,40f6845cc155efbf6f8b0f619edec25f79c201626c9202f01b5268da72fcc87d,,False
docutils,supplement-v2,pyperformance-xlang3-gc-r7b-per-definition-ownership-supplement-20261009-docutils-attempt-01,True,failed,True,True,af19128ff6bd605f4e28a21a6a9bb4e01042c963bf6d19d951e8dcd3569b238a,bac1258e4ceb99652a9a714edff37d3f96940c54a52986ea027af3c4221b2c10,pyperformance-xlang3-gc-r7b-per-definition-ownership-supplement-20261009-docutils-attempt-01.attempt.json,f2ea46b5161995e78423838ef688e5d885441cc6d7cb650de3e5afd91db173fb,ERROR: Benchmark docutils failed: Benchmark died,False
dulwich_log,original-v1,pyperformance-xlang3-gc-r7b-per-definition-full-fast-20261009-dulwich_log-attempt-01,False,invalid,True,False,acd69fc5e3c350b172958276ddbd90f3f585794e8634b5541b80c2a233194c00,a9cb9fcadd403b2788f93bc16e238b9f2e526c892abf3c9b12399f18191e21dc,pyperformance-xlang3-gc-r7b-per-definition-full-fast-20261009-dulwich_log-attempt-01.attempt.json,50a72d620b8f34aba536ae021a3cae5b49b2749aafefb72ca04e4b5386b1d04c,RuntimeError('Manager failure lacks original definition failure evidence'),False
dulwich_log,supplement-v2,pyperformance-xlang3-gc-r7b-per-definition-ownership-supplement-20261009-dulwich_log-attempt-01,True,failed,True,True,af19128ff6bd605f4e28a21a6a9bb4e01042c963bf6d19d951e8dcd3569b238a,bac1258e4ceb99652a9a714edff37d3f96940c54a52986ea027af3c4221b2c10,pyperformance-xlang3-gc-r7b-per-definition-ownership-supplement-20261009-dulwich_log-attempt-01.attempt.json,72a67a1c3e8f085b7c461ec7ca2a8023f4df085395d4462936f91c2e72a32fd5,ERROR: Benchmark dulwich_log failed: Benchmark died,False
fannkuch,original-v1,pyperformance-xlang3-gc-r7b-per-definition-full-fast-20261009-fannkuch-attempt-01,True,completed,True,True,acd69fc5e3c350b172958276ddbd90f3f585794e8634b5541b80c2a233194c00,a9cb9fcadd403b2788f93bc16e238b9f2e526c892abf3c9b12399f18191e21dc,pyperformance-xlang3-gc-r7b-per-definition-full-fast-20261009-fannkuch-attempt-01.attempt.json,1f708348cefc0b4478db11eb6596673154ea81e27276c3f5281dec4ff5626367,,True
fastapi,original-v1,pyperformance-xlang3-gc-r7b-per-definition-full-fast-20261009-fastapi-attempt-01,False,invalid,True,False,acd69fc5e3c350b172958276ddbd90f3f585794e8634b5541b80c2a233194c00,a9cb9fcadd403b2788f93bc16e238b9f2e526c892abf3c9b12399f18191e21dc,pyperformance-xlang3-gc-r7b-per-definition-full-fast-20261009-fastapi-attempt-01.attempt.json,2c85eda05535bbe2e124a986378182274a606377c9b5deb1ac31625c4dbe6154,RuntimeError('Manager failure lacks original definition failure evidence'),False
fastapi,supplement-v2,pyperformance-xlang3-gc-r7b-per-definition-ownership-supplement-20261009-fastapi-attempt-01,True,failed,True,True,af19128ff6bd605f4e28a21a6a9bb4e01042c963bf6d19d951e8dcd3569b238a,bac1258e4ceb99652a9a714edff37d3f96940c54a52986ea027af3c4221b2c10,pyperformance-xlang3-gc-r7b-per-definition-ownership-supplement-20261009-fastapi-attempt-01.attempt.json,912fb8d7ebc8d188b42f2e953117842bb80c3f88b1f1ea924cfa1df1f6d423e0,ERROR: Benchmark fastapi timed out,False
float,original-v1,pyperformance-xlang3-gc-r7b-per-definition-full-fast-20261009-float-attempt-01,True,completed,True,True,acd69fc5e3c350b172958276ddbd90f3f585794e8634b5541b80c2a233194c00,a9cb9fcadd403b2788f93bc16e238b9f2e526c892abf3c9b12399f18191e21dc,pyperformance-xlang3-gc-r7b-per-definition-full-fast-20261009-float-attempt-01.attempt.json,e2eb48fd00e008992717988e8e624da43dce8b4d9ff87d92b53b386a8e1bcdbc,,True
gc_collect,original-v1,pyperformance-xlang3-gc-r7b-per-definition-full-fast-20261009-gc_collect-attempt-01,True,completed,True,True,acd69fc5e3c350b172958276ddbd90f3f585794e8634b5541b80c2a233194c00,a9cb9fcadd403b2788f93bc16e238b9f2e526c892abf3c9b12399f18191e21dc,pyperformance-xlang3-gc-r7b-per-definition-full-fast-20261009-gc_collect-attempt-01.attempt.json,e129ce1970a19273117fe8d5b938184fb60ec7cc26afb077eaab7cc99e402e6e,,True
gc_traversal,original-v1,pyperformance-xlang3-gc-r7b-per-definition-full-fast-20261009-gc_traversal-attempt-01,True,completed,True,True,acd69fc5e3c350b172958276ddbd90f3f585794e8634b5541b80c2a233194c00,a9cb9fcadd403b2788f93bc16e238b9f2e526c892abf3c9b12399f18191e21dc,pyperformance-xlang3-gc-r7b-per-definition-full-fast-20261009-gc_traversal-attempt-01.attempt.json,1850f40c145f942dd1781b4304df7aa0d03920156c3bc603c43d1dddf8ba8772,,True
generators,original-v1,pyperformance-xlang3-gc-r7b-per-definition-full-fast-20261009-generators-attempt-01,True,completed,True,True,acd69fc5e3c350b172958276ddbd90f3f585794e8634b5541b80c2a233194c00,a9cb9fcadd403b2788f93bc16e238b9f2e526c892abf3c9b12399f18191e21dc,pyperformance-xlang3-gc-r7b-per-definition-full-fast-20261009-generators-attempt-01.attempt.json,3ca9a7a0b23fd64d1b01fea952537e69dfc4375cf5e3d38d083211a4c89893ca,,True
genshi,original-v1,pyperformance-xlang3-gc-r7b-per-definition-full-fast-20261009-genshi-attempt-01,True,completed,True,True,acd69fc5e3c350b172958276ddbd90f3f585794e8634b5541b80c2a233194c00,a9cb9fcadd403b2788f93bc16e238b9f2e526c892abf3c9b12399f18191e21dc,pyperformance-xlang3-gc-r7b-per-definition-full-fast-20261009-genshi-attempt-01.attempt.json,f7e6618fe670f9e40a7b94f981439b5f5c5b28e8ada67852a84acdb872adb712,,True
go,original-v1,pyperformance-xlang3-gc-r7b-per-definition-full-fast-20261009-go-attempt-01,True,completed,True,True,acd69fc5e3c350b172958276ddbd90f3f585794e8634b5541b80c2a233194c00,a9cb9fcadd403b2788f93bc16e238b9f2e526c892abf3c9b12399f18191e21dc,pyperformance-xlang3-gc-r7b-per-definition-full-fast-20261009-go-attempt-01.attempt.json,c43d807a65fb6a159370440b575cfdd9e2908a9537e377ecad5164e512ee1bc3,,True
hexiom,original-v1,pyperformance-xlang3-gc-r7b-per-definition-full-fast-20261009-hexiom-attempt-01,True,completed,True,True,acd69fc5e3c350b172958276ddbd90f3f585794e8634b5541b80c2a233194c00,a9cb9fcadd403b2788f93bc16e238b9f2e526c892abf3c9b12399f18191e21dc,pyperformance-xlang3-gc-r7b-per-definition-full-fast-20261009-hexiom-attempt-01.attempt.json,00a7e353981cec7a257c088114d08eeaa73b52710d3b675c865f74f35a05f1f0,,True
html5lib,original-v1,pyperformance-xlang3-gc-r7b-per-definition-full-fast-20261009-html5lib-attempt-01,True,completed,True,True,acd69fc5e3c350b172958276ddbd90f3f585794e8634b5541b80c2a233194c00,a9cb9fcadd403b2788f93bc16e238b9f2e526c892abf3c9b12399f18191e21dc,pyperformance-xlang3-gc-r7b-per-definition-full-fast-20261009-html5lib-attempt-01.attempt.json,2f04643a499ff9f2256a4404fd20d2288b468f734d5b74f450b31e81dc071185,,True
json_dumps,original-v1,pyperformance-xlang3-gc-r7b-per-definition-full-fast-20261009-json_dumps-attempt-01,True,completed,True,True,acd69fc5e3c350b172958276ddbd90f3f585794e8634b5541b80c2a233194c00,a9cb9fcadd403b2788f93bc16e238b9f2e526c892abf3c9b12399f18191e21dc,pyperformance-xlang3-gc-r7b-per-definition-full-fast-20261009-json_dumps-attempt-01.attempt.json,31bd57cbd37bb0052ae388afb52a29f697992dda5ad4f99e2200ed667c062fa1,,True
json_loads,original-v1,pyperformance-xlang3-gc-r7b-per-definition-full-fast-20261009-json_loads-attempt-01,True,completed,True,True,acd69fc5e3c350b172958276ddbd90f3f585794e8634b5541b80c2a233194c00,a9cb9fcadd403b2788f93bc16e238b9f2e526c892abf3c9b12399f18191e21dc,pyperformance-xlang3-gc-r7b-per-definition-full-fast-20261009-json_loads-attempt-01.attempt.json,288f7dd4d60b69ada38bfbacb2a6ac02d410fd20c4bc2a86906f03989bcb0fea,,True
logging,original-v1,pyperformance-xlang3-gc-r7b-per-definition-full-fast-20261009-logging-attempt-01,True,completed,True,True,acd69fc5e3c350b172958276ddbd90f3f585794e8634b5541b80c2a233194c00,a9cb9fcadd403b2788f93bc16e238b9f2e526c892abf3c9b12399f18191e21dc,pyperformance-xlang3-gc-r7b-per-definition-full-fast-20261009-logging-attempt-01.attempt.json,0112704428bcf4d32ce692fa3ffe49aa01bb047bda66f51d7ed2f09181f3bc2f,,True
mako,original-v1,pyperformance-xlang3-gc-r7b-per-definition-full-fast-20261009-mako-attempt-01,False,invalid,True,False,acd69fc5e3c350b172958276ddbd90f3f585794e8634b5541b80c2a233194c00,a9cb9fcadd403b2788f93bc16e238b9f2e526c892abf3c9b12399f18191e21dc,pyperformance-xlang3-gc-r7b-per-definition-full-fast-20261009-mako-attempt-01.attempt.json,870f2e63720014d93fb1c72f1fdef4e02f88b9eccb1e49bfa38d9e1f8c3b06e1,RuntimeError('Manager failure lacks original definition failure evidence'),False
mako,supplement-v2,pyperformance-xlang3-gc-r7b-per-definition-ownership-supplement-20261009-mako-attempt-01,True,failed,True,True,af19128ff6bd605f4e28a21a6a9bb4e01042c963bf6d19d951e8dcd3569b238a,bac1258e4ceb99652a9a714edff37d3f96940c54a52986ea027af3c4221b2c10,pyperformance-xlang3-gc-r7b-per-definition-ownership-supplement-20261009-mako-attempt-01.attempt.json,732fa962340708aca93b3c1be9a9e5dea15ddcb3d7ea837f00b3c61f2b333977,ERROR: Benchmark mako failed: Benchmark died,False
mdp,original-v1,pyperformance-xlang3-gc-r7b-per-definition-full-fast-20261009-mdp-attempt-01,False,invalid,True,False,acd69fc5e3c350b172958276ddbd90f3f585794e8634b5541b80c2a233194c00,a9cb9fcadd403b2788f93bc16e238b9f2e526c892abf3c9b12399f18191e21dc,pyperformance-xlang3-gc-r7b-per-definition-full-fast-20261009-mdp-attempt-01.attempt.json,f141ec1368c9105e03efbff15d76430a9607727dd1feba68b147dd28e54f4303,RuntimeError('Manager failure lacks original definition failure evidence'),False
mdp,supplement-v2,pyperformance-xlang3-gc-r7b-per-definition-ownership-supplement-20261009-mdp-attempt-01,True,failed,True,True,af19128ff6bd605f4e28a21a6a9bb4e01042c963bf6d19d951e8dcd3569b238a,bac1258e4ceb99652a9a714edff37d3f96940c54a52986ea027af3c4221b2c10,pyperformance-xlang3-gc-r7b-per-definition-ownership-supplement-20261009-mdp-attempt-01.attempt.json,1e61902bdc3cf1f45d22ce218f19e3be8e8b09baef584058fdaabb0703357f3f,ERROR: Benchmark mdp failed: Benchmark died,False
meteor_contest,original-v1,pyperformance-xlang3-gc-r7b-per-definition-full-fast-20261009-meteor_contest-attempt-01,True,completed,True,True,acd69fc5e3c350b172958276ddbd90f3f585794e8634b5541b80c2a233194c00,a9cb9fcadd403b2788f93bc16e238b9f2e526c892abf3c9b12399f18191e21dc,pyperformance-xlang3-gc-r7b-per-definition-full-fast-20261009-meteor_contest-attempt-01.attempt.json,aa477652f99081bd17829bbe41e777e5e78dcad5314646206c90483ed29f12d1,,True
nbody,original-v1,pyperformance-xlang3-gc-r7b-per-definition-full-fast-20261009-nbody-attempt-01,True,completed,True,True,acd69fc5e3c350b172958276ddbd90f3f585794e8634b5541b80c2a233194c00,a9cb9fcadd403b2788f93bc16e238b9f2e526c892abf3c9b12399f18191e21dc,pyperformance-xlang3-gc-r7b-per-definition-full-fast-20261009-nbody-attempt-01.attempt.json,4ca8b93a5978a2394566648a6c7a8f7116dbe62fec70785ffc1c1713930236a5,,True
networkx,original-v1,pyperformance-xlang3-gc-r7b-per-definition-full-fast-20261009-networkx-attempt-01,True,completed,True,True,acd69fc5e3c350b172958276ddbd90f3f585794e8634b5541b80c2a233194c00,a9cb9fcadd403b2788f93bc16e238b9f2e526c892abf3c9b12399f18191e21dc,pyperformance-xlang3-gc-r7b-per-definition-full-fast-20261009-networkx-attempt-01.attempt.json,8fbee61e07c5453e0db187e0fbb1b15e5f975a84c70b74c9a9cd49050422e3f2,,True
networkx_connected_components,original-v1,pyperformance-xlang3-gc-r7b-per-definition-full-fast-20261009-networkx_connected_components-attempt-01,True,completed,True,True,acd69fc5e3c350b172958276ddbd90f3f585794e8634b5541b80c2a233194c00,a9cb9fcadd403b2788f93bc16e238b9f2e526c892abf3c9b12399f18191e21dc,pyperformance-xlang3-gc-r7b-per-definition-full-fast-20261009-networkx_connected_components-attempt-01.attempt.json,239f85cceaeac5177b49db7205fdcedb881b85f0cf14b5793e14b863b88fa06c,,True
networkx_k_core,original-v1,pyperformance-xlang3-gc-r7b-per-definition-full-fast-20261009-networkx_k_core-attempt-01,False,invalid,True,False,acd69fc5e3c350b172958276ddbd90f3f585794e8634b5541b80c2a233194c00,a9cb9fcadd403b2788f93bc16e238b9f2e526c892abf3c9b12399f18191e21dc,pyperformance-xlang3-gc-r7b-per-definition-full-fast-20261009-networkx_k_core-attempt-01.attempt.json,bfd089db43df7008e2c53a4604b315cfbb20e45bcce9f93e4620f8bac8c438c5,,False
networkx_k_core,supplement-v2,pyperformance-xlang3-gc-r7b-per-definition-ownership-supplement-20261009-networkx_k_core-attempt-01,True,completed,True,True,af19128ff6bd605f4e28a21a6a9bb4e01042c963bf6d19d951e8dcd3569b238a,bac1258e4ceb99652a9a714edff37d3f96940c54a52986ea027af3c4221b2c10,pyperformance-xlang3-gc-r7b-per-definition-ownership-supplement-20261009-networkx_k_core-attempt-01.attempt.json,376f5d003249483e7e1d1508d436117be35f3498bb9d41abaeed42eff34f1b91,,True
nqueens,original-v1,pyperformance-xlang3-gc-r7b-per-definition-full-fast-20261009-nqueens-attempt-01,True,completed,True,True,acd69fc5e3c350b172958276ddbd90f3f585794e8634b5541b80c2a233194c00,a9cb9fcadd403b2788f93bc16e238b9f2e526c892abf3c9b12399f18191e21dc,pyperformance-xlang3-gc-r7b-per-definition-full-fast-20261009-nqueens-attempt-01.attempt.json,e0678481ba5a676a857e10526689131971002e82ec180b02ba95d66456251ba8,,True
pathlib,original-v1,pyperformance-xlang3-gc-r7b-per-definition-full-fast-20261009-pathlib-attempt-01,True,completed,True,True,acd69fc5e3c350b172958276ddbd90f3f585794e8634b5541b80c2a233194c00,a9cb9fcadd403b2788f93bc16e238b9f2e526c892abf3c9b12399f18191e21dc,pyperformance-xlang3-gc-r7b-per-definition-full-fast-20261009-pathlib-attempt-01.attempt.json,56d20feeea599cce583aefbe808039ddc0741fd1d983ad7ee583476d58820827,,True
pickle,original-v1,pyperformance-xlang3-gc-r7b-per-definition-full-fast-20261009-pickle-attempt-01,False,invalid,True,False,acd69fc5e3c350b172958276ddbd90f3f585794e8634b5541b80c2a233194c00,a9cb9fcadd403b2788f93bc16e238b9f2e526c892abf3c9b12399f18191e21dc,pyperformance-xlang3-gc-r7b-per-definition-full-fast-20261009-pickle-attempt-01.attempt.json,2d95719af98f43a0c72be44490f4f772a0b39db9f5fc6bf1204098a80baa22f9,,False
pickle,supplement-v2,pyperformance-xlang3-gc-r7b-per-definition-ownership-supplement-20261009-pickle-attempt-01,True,completed,True,True,af19128ff6bd605f4e28a21a6a9bb4e01042c963bf6d19d951e8dcd3569b238a,bac1258e4ceb99652a9a714edff37d3f96940c54a52986ea027af3c4221b2c10,pyperformance-xlang3-gc-r7b-per-definition-ownership-supplement-20261009-pickle-attempt-01.attempt.json,b400f59725438ee82ad40d198309775a0855c87547b3fb98e0f5ef202836b084,,True
pickle_dict,original-v1,pyperformance-xlang3-gc-r7b-per-definition-full-fast-20261009-pickle_dict-attempt-01,True,completed,True,True,acd69fc5e3c350b172958276ddbd90f3f585794e8634b5541b80c2a233194c00,a9cb9fcadd403b2788f93bc16e238b9f2e526c892abf3c9b12399f18191e21dc,pyperformance-xlang3-gc-r7b-per-definition-full-fast-20261009-pickle_dict-attempt-01.attempt.json,dc16ffd2cdec3afead3cb79d4e1c97ce925f3daec7ae7e779d0b50f0412ad4b4,,True
pickle_list,original-v1,pyperformance-xlang3-gc-r7b-per-definition-full-fast-20261009-pickle_list-attempt-01,True,completed,True,True,acd69fc5e3c350b172958276ddbd90f3f585794e8634b5541b80c2a233194c00,a9cb9fcadd403b2788f93bc16e238b9f2e526c892abf3c9b12399f18191e21dc,pyperformance-xlang3-gc-r7b-per-definition-full-fast-20261009-pickle_list-attempt-01.attempt.json,5ec67adebd5112fa5cc8cd98adcdff3083a507a8d9cbde6f00256692fefb1556,,True
pickle_pure_python,original-v1,pyperformance-xlang3-gc-r7b-per-definition-full-fast-20261009-pickle_pure_python-attempt-01,True,completed,True,True,acd69fc5e3c350b172958276ddbd90f3f585794e8634b5541b80c2a233194c00,a9cb9fcadd403b2788f93bc16e238b9f2e526c892abf3c9b12399f18191e21dc,pyperformance-xlang3-gc-r7b-per-definition-full-fast-20261009-pickle_pure_python-attempt-01.attempt.json,45780d76218635084f58baa9c81f597cb9b7274c28c217d900c1043e062db15b,,True
pidigits,original-v1,pyperformance-xlang3-gc-r7b-per-definition-full-fast-20261009-pidigits-attempt-01,True,completed,True,True,acd69fc5e3c350b172958276ddbd90f3f585794e8634b5541b80c2a233194c00,a9cb9fcadd403b2788f93bc16e238b9f2e526c892abf3c9b12399f18191e21dc,pyperformance-xlang3-gc-r7b-per-definition-full-fast-20261009-pidigits-attempt-01.attempt.json,71d666c42a3e178412cd4668913c206c770c3e28f09534b14964071527d718b7,,True
pprint,original-v1,pyperformance-xlang3-gc-r7b-per-definition-full-fast-20261009-pprint-attempt-01,False,invalid,True,False,acd69fc5e3c350b172958276ddbd90f3f585794e8634b5541b80c2a233194c00,a9cb9fcadd403b2788f93bc16e238b9f2e526c892abf3c9b12399f18191e21dc,pyperformance-xlang3-gc-r7b-per-definition-full-fast-20261009-pprint-attempt-01.attempt.json,b0c84782487689863c6289698ffad47fce3ea1c6a0d21bd6e3a353fec5c32085,RuntimeError('Manager failure lacks original definition failure evidence'),False
pprint,supplement-v2,pyperformance-xlang3-gc-r7b-per-definition-ownership-supplement-20261009-pprint-attempt-01,True,failed,True,True,af19128ff6bd605f4e28a21a6a9bb4e01042c963bf6d19d951e8dcd3569b238a,bac1258e4ceb99652a9a714edff37d3f96940c54a52986ea027af3c4221b2c10,pyperformance-xlang3-gc-r7b-per-definition-ownership-supplement-20261009-pprint-attempt-01.attempt.json,596d0701d41ce0f637f0a0495e0ddb2ca49b5aeb26ea6ee1b41fcf35e7b237fb,ERROR: Benchmark pprint timed out,False
pyflate,original-v1,pyperformance-xlang3-gc-r7b-per-definition-full-fast-20261009-pyflate-attempt-01,True,completed,True,True,acd69fc5e3c350b172958276ddbd90f3f585794e8634b5541b80c2a233194c00,a9cb9fcadd403b2788f93bc16e238b9f2e526c892abf3c9b12399f18191e21dc,pyperformance-xlang3-gc-r7b-per-definition-full-fast-20261009-pyflate-attempt-01.attempt.json,7b4d8dfa14494e120c51c8a7c648e4e5325e5d0d34645ba78f420f42f16da7b2,,True
python_startup,original-v1,pyperformance-xlang3-gc-r7b-per-definition-full-fast-20261009-python_startup-attempt-01,False,invalid,True,False,acd69fc5e3c350b172958276ddbd90f3f585794e8634b5541b80c2a233194c00,a9cb9fcadd403b2788f93bc16e238b9f2e526c892abf3c9b12399f18191e21dc,pyperformance-xlang3-gc-r7b-per-definition-full-fast-20261009-python_startup-attempt-01.attempt.json,4f70852247a473405bd9f08ad7a77c3a6d988dc8f6066e9e513f72bdf6e5f546,,False
python_startup,supplement-v2,pyperformance-xlang3-gc-r7b-per-definition-ownership-supplement-20261009-python_startup-attempt-01,True,completed,True,True,af19128ff6bd605f4e28a21a6a9bb4e01042c963bf6d19d951e8dcd3569b238a,bac1258e4ceb99652a9a714edff37d3f96940c54a52986ea027af3c4221b2c10,pyperformance-xlang3-gc-r7b-per-definition-ownership-supplement-20261009-python_startup-attempt-01.attempt.json,25e5cc3dcd538475b0f5d6005e82f583cfececc7fef17ba840105d34b95140fb,,True
python_startup_no_site,original-v1,pyperformance-xlang3-gc-r7b-per-definition-full-fast-20261009-python_startup_no_site-attempt-01,True,completed,True,True,acd69fc5e3c350b172958276ddbd90f3f585794e8634b5541b80c2a233194c00,a9cb9fcadd403b2788f93bc16e238b9f2e526c892abf3c9b12399f18191e21dc,pyperformance-xlang3-gc-r7b-per-definition-full-fast-20261009-python_startup_no_site-attempt-01.attempt.json,8c3aa2415251c043013fe3c1a29c9f1a45f1ee34c20b5ea29f75e9a18d3b8a81,,True
raytrace,original-v1,pyperformance-xlang3-gc-r7b-per-definition-full-fast-20261009-raytrace-attempt-01,True,completed,True,True,acd69fc5e3c350b172958276ddbd90f3f585794e8634b5541b80c2a233194c00,a9cb9fcadd403b2788f93bc16e238b9f2e526c892abf3c9b12399f18191e21dc,pyperformance-xlang3-gc-r7b-per-definition-full-fast-20261009-raytrace-attempt-01.attempt.json,a7d3869adc1f5641dd24388ca26a8d85d37fbb9ebf355dcb3290a3735d08579a,,True
regex_compile,original-v1,pyperformance-xlang3-gc-r7b-per-definition-full-fast-20261009-regex_compile-attempt-01,True,completed,True,True,acd69fc5e3c350b172958276ddbd90f3f585794e8634b5541b80c2a233194c00,a9cb9fcadd403b2788f93bc16e238b9f2e526c892abf3c9b12399f18191e21dc,pyperformance-xlang3-gc-r7b-per-definition-full-fast-20261009-regex_compile-attempt-01.attempt.json,485f724ac6c5e825588d5f27181558ccc6f4b181bc46ce30b738a7ddf0966eed,,True
regex_dna,original-v1,pyperformance-xlang3-gc-r7b-per-definition-full-fast-20261009-regex_dna-attempt-01,True,completed,True,True,acd69fc5e3c350b172958276ddbd90f3f585794e8634b5541b80c2a233194c00,a9cb9fcadd403b2788f93bc16e238b9f2e526c892abf3c9b12399f18191e21dc,pyperformance-xlang3-gc-r7b-per-definition-full-fast-20261009-regex_dna-attempt-01.attempt.json,7b6d5076a3b3aff208846daf5cee20d6a49276410fed5a57f024032fff82539d,,True
regex_effbot,original-v1,pyperformance-xlang3-gc-r7b-per-definition-full-fast-20261009-regex_effbot-attempt-01,False,invalid,True,False,acd69fc5e3c350b172958276ddbd90f3f585794e8634b5541b80c2a233194c00,a9cb9fcadd403b2788f93bc16e238b9f2e526c892abf3c9b12399f18191e21dc,pyperformance-xlang3-gc-r7b-per-definition-full-fast-20261009-regex_effbot-attempt-01.attempt.json,610de052311d593e167e62fcc20464f4a6285d63c9afbe142b3758586d5e51f9,,False
regex_effbot,supplement-v2,pyperformance-xlang3-gc-r7b-per-definition-ownership-supplement-20261009-regex_effbot-attempt-01,True,completed,True,True,af19128ff6bd605f4e28a21a6a9bb4e01042c963bf6d19d951e8dcd3569b238a,bac1258e4ceb99652a9a714edff37d3f96940c54a52986ea027af3c4221b2c10,pyperformance-xlang3-gc-r7b-per-definition-ownership-supplement-20261009-regex_effbot-attempt-01.attempt.json,be59398027070b737ee726ad75d38412625993fdb6cd04ac3e571b7cfa733b0d,,True
regex_v8,original-v1,pyperformance-xlang3-gc-r7b-per-definition-full-fast-20261009-regex_v8-attempt-01,False,invalid,True,False,acd69fc5e3c350b172958276ddbd90f3f585794e8634b5541b80c2a233194c00,a9cb9fcadd403b2788f93bc16e238b9f2e526c892abf3c9b12399f18191e21dc,pyperformance-xlang3-gc-r7b-per-definition-full-fast-20261009-regex_v8-attempt-01.attempt.json,7295d6a3e822e18fd96220dc2da28a411743575391ab52cd68384ec255e9c821,,False
regex_v8,supplement-v2,pyperformance-xlang3-gc-r7b-per-definition-ownership-supplement-20261009-regex_v8-attempt-01,True,completed,True,True,af19128ff6bd605f4e28a21a6a9bb4e01042c963bf6d19d951e8dcd3569b238a,bac1258e4ceb99652a9a714edff37d3f96940c54a52986ea027af3c4221b2c10,pyperformance-xlang3-gc-r7b-per-definition-ownership-supplement-20261009-regex_v8-attempt-01.attempt.json,22b8772c672cc8fecb5e9d75d4b044da32c8df59267c0a11acb3caaa97997f0d,,True
richards,original-v1,pyperformance-xlang3-gc-r7b-per-definition-full-fast-20261009-richards-attempt-01,True,completed,True,True,acd69fc5e3c350b172958276ddbd90f3f585794e8634b5541b80c2a233194c00,a9cb9fcadd403b2788f93bc16e238b9f2e526c892abf3c9b12399f18191e21dc,pyperformance-xlang3-gc-r7b-per-definition-full-fast-20261009-richards-attempt-01.attempt.json,2e599d9ca0ff6f9d0daee4ab262d56203b053c509873e812a529ee018f65b7ed,,True
richards_super,original-v1,pyperformance-xlang3-gc-r7b-per-definition-full-fast-20261009-richards_super-attempt-01,True,completed,True,True,acd69fc5e3c350b172958276ddbd90f3f585794e8634b5541b80c2a233194c00,a9cb9fcadd403b2788f93bc16e238b9f2e526c892abf3c9b12399f18191e21dc,pyperformance-xlang3-gc-r7b-per-definition-full-fast-20261009-richards_super-attempt-01.attempt.json,6bcd2ec65cc7c8a87107d353b08e0feeb11229b8838cfcfe2d25de19ab9008eb,,True
scimark,original-v1,pyperformance-xlang3-gc-r7b-per-definition-full-fast-20261009-scimark-attempt-01,True,completed,True,True,acd69fc5e3c350b172958276ddbd90f3f585794e8634b5541b80c2a233194c00,a9cb9fcadd403b2788f93bc16e238b9f2e526c892abf3c9b12399f18191e21dc,pyperformance-xlang3-gc-r7b-per-definition-full-fast-20261009-scimark-attempt-01.attempt.json,b5d95aa1ebe362cfb7846b59c3de11049a401923cbe977ef1d89f2fd7be9e353,,True
spectral_norm,original-v1,pyperformance-xlang3-gc-r7b-per-definition-full-fast-20261009-spectral_norm-attempt-01,True,completed,True,True,acd69fc5e3c350b172958276ddbd90f3f585794e8634b5541b80c2a233194c00,a9cb9fcadd403b2788f93bc16e238b9f2e526c892abf3c9b12399f18191e21dc,pyperformance-xlang3-gc-r7b-per-definition-full-fast-20261009-spectral_norm-attempt-01.attempt.json,4e678f232bf83521e91f5197f8a2740cc58077410444368457a2a544c51a44cf,,True
sphinx,original-v1,pyperformance-xlang3-gc-r7b-per-definition-full-fast-20261009-sphinx-attempt-01,False,invalid,True,False,acd69fc5e3c350b172958276ddbd90f3f585794e8634b5541b80c2a233194c00,a9cb9fcadd403b2788f93bc16e238b9f2e526c892abf3c9b12399f18191e21dc,pyperformance-xlang3-gc-r7b-per-definition-full-fast-20261009-sphinx-attempt-01.attempt.json,2eb2ee02c6f34a71dcec97fb865c20eba1f77e2cbbde5d0929c7604eec21d9e7,RuntimeError('Manager failure lacks original definition failure evidence'),False
sphinx,supplement-v2,pyperformance-xlang3-gc-r7b-per-definition-ownership-supplement-20261009-sphinx-attempt-01,True,failed,True,True,af19128ff6bd605f4e28a21a6a9bb4e01042c963bf6d19d951e8dcd3569b238a,bac1258e4ceb99652a9a714edff37d3f96940c54a52986ea027af3c4221b2c10,pyperformance-xlang3-gc-r7b-per-definition-ownership-supplement-20261009-sphinx-attempt-01.attempt.json,83a53f5b7b663ec4180c7d142bfcba1347eac9b0a4e0622acf4b3bca6218431d,ERROR: Benchmark sphinx failed: Benchmark died,False
sqlalchemy_declarative,original-v1,pyperformance-xlang3-gc-r7b-per-definition-full-fast-20261009-sqlalchemy_declarative-attempt-01,True,completed,True,True,acd69fc5e3c350b172958276ddbd90f3f585794e8634b5541b80c2a233194c00,a9cb9fcadd403b2788f93bc16e238b9f2e526c892abf3c9b12399f18191e21dc,pyperformance-xlang3-gc-r7b-per-definition-full-fast-20261009-sqlalchemy_declarative-attempt-01.attempt.json,442243ce4ff407190acd77e83299704d2f808107fc3f883c663004c6a598abf2,,True
sqlalchemy_imperative,original-v1,pyperformance-xlang3-gc-r7b-per-definition-full-fast-20261009-sqlalchemy_imperative-attempt-01,True,completed,True,True,acd69fc5e3c350b172958276ddbd90f3f585794e8634b5541b80c2a233194c00,a9cb9fcadd403b2788f93bc16e238b9f2e526c892abf3c9b12399f18191e21dc,pyperformance-xlang3-gc-r7b-per-definition-full-fast-20261009-sqlalchemy_imperative-attempt-01.attempt.json,93bc4c2366819551feee02cb0af960ecbf68086c95fe0a0be1027b92ba2443dc,,True
sqlglot_v2,original-v1,pyperformance-xlang3-gc-r7b-per-definition-full-fast-20261009-sqlglot_v2-attempt-01,True,completed,True,True,acd69fc5e3c350b172958276ddbd90f3f585794e8634b5541b80c2a233194c00,a9cb9fcadd403b2788f93bc16e238b9f2e526c892abf3c9b12399f18191e21dc,pyperformance-xlang3-gc-r7b-per-definition-full-fast-20261009-sqlglot_v2-attempt-01.attempt.json,270fbc87d28229c475dc3dbe9a3474f9aae4f8886e8fcf71db910b1ae4c03347,,True
sqlglot_v2_optimize,original-v1,pyperformance-xlang3-gc-r7b-per-definition-full-fast-20261009-sqlglot_v2_optimize-attempt-01,True,completed,True,True,acd69fc5e3c350b172958276ddbd90f3f585794e8634b5541b80c2a233194c00,a9cb9fcadd403b2788f93bc16e238b9f2e526c892abf3c9b12399f18191e21dc,pyperformance-xlang3-gc-r7b-per-definition-full-fast-20261009-sqlglot_v2_optimize-attempt-01.attempt.json,3910db4b484969ec72aa71a781828b65f4a1ff1fdd1e8bb08ec132950c45d04c,,True
sqlglot_v2_parse,original-v1,pyperformance-xlang3-gc-r7b-per-definition-full-fast-20261009-sqlglot_v2_parse-attempt-01,True,completed,True,True,acd69fc5e3c350b172958276ddbd90f3f585794e8634b5541b80c2a233194c00,a9cb9fcadd403b2788f93bc16e238b9f2e526c892abf3c9b12399f18191e21dc,pyperformance-xlang3-gc-r7b-per-definition-full-fast-20261009-sqlglot_v2_parse-attempt-01.attempt.json,e6cfd9779c4f34956ba1d0245dfef12eaf4a6059523dcf30fb18a8498641007f,,True
sqlglot_v2_transpile,original-v1,pyperformance-xlang3-gc-r7b-per-definition-full-fast-20261009-sqlglot_v2_transpile-attempt-01,True,completed,True,True,acd69fc5e3c350b172958276ddbd90f3f585794e8634b5541b80c2a233194c00,a9cb9fcadd403b2788f93bc16e238b9f2e526c892abf3c9b12399f18191e21dc,pyperformance-xlang3-gc-r7b-per-definition-full-fast-20261009-sqlglot_v2_transpile-attempt-01.attempt.json,190690618f4ec452f3321d78da6d5999e9b9545993d3a8e4ff662bb011f40b18,,True
sqlite_synth,original-v1,pyperformance-xlang3-gc-r7b-per-definition-full-fast-20261009-sqlite_synth-attempt-01,True,completed,True,True,acd69fc5e3c350b172958276ddbd90f3f585794e8634b5541b80c2a233194c00,a9cb9fcadd403b2788f93bc16e238b9f2e526c892abf3c9b12399f18191e21dc,pyperformance-xlang3-gc-r7b-per-definition-full-fast-20261009-sqlite_synth-attempt-01.attempt.json,f672795a0a5d7c63522fde00253c0b245118b16f2bd9455d32ca67c01284f504,,True
sympy,original-v1,pyperformance-xlang3-gc-r7b-per-definition-full-fast-20261009-sympy-attempt-01,False,invalid,True,False,acd69fc5e3c350b172958276ddbd90f3f585794e8634b5541b80c2a233194c00,a9cb9fcadd403b2788f93bc16e238b9f2e526c892abf3c9b12399f18191e21dc,pyperformance-xlang3-gc-r7b-per-definition-full-fast-20261009-sympy-attempt-01.attempt.json,b5f121f47404ebe02a1567aee314b0406434e961871243c7543313a7f239e720,RuntimeError('Manager failure lacks original definition failure evidence'),False
sympy,supplement-v2,pyperformance-xlang3-gc-r7b-per-definition-ownership-supplement-20261009-sympy-attempt-01,True,failed,True,True,af19128ff6bd605f4e28a21a6a9bb4e01042c963bf6d19d951e8dcd3569b238a,bac1258e4ceb99652a9a714edff37d3f96940c54a52986ea027af3c4221b2c10,pyperformance-xlang3-gc-r7b-per-definition-ownership-supplement-20261009-sympy-attempt-01.attempt.json,1646b6f95e89c9b24a1b2c6f37be773eed71ca0082012b2544605ee8f498b7b7,ERROR: Benchmark sympy failed: Benchmark died,False
telco,original-v1,pyperformance-xlang3-gc-r7b-per-definition-full-fast-20261009-telco-attempt-01,True,completed,True,True,acd69fc5e3c350b172958276ddbd90f3f585794e8634b5541b80c2a233194c00,a9cb9fcadd403b2788f93bc16e238b9f2e526c892abf3c9b12399f18191e21dc,pyperformance-xlang3-gc-r7b-per-definition-full-fast-20261009-telco-attempt-01.attempt.json,955ffa7251a880770f8828bea5b970b5d53c26f2b024e8be8d98932e87bbb95b,,True
tomli_loads,original-v1,pyperformance-xlang3-gc-r7b-per-definition-full-fast-20261009-tomli_loads-attempt-01,False,invalid,True,False,acd69fc5e3c350b172958276ddbd90f3f585794e8634b5541b80c2a233194c00,a9cb9fcadd403b2788f93bc16e238b9f2e526c892abf3c9b12399f18191e21dc,pyperformance-xlang3-gc-r7b-per-definition-full-fast-20261009-tomli_loads-attempt-01.attempt.json,8a39dbf3726569a8adfcfaee45ed5c0e71b690c84e70b237a57a4f1336c0622e,RuntimeError('Manager failure lacks original definition failure evidence'),False
tomli_loads,supplement-v2,pyperformance-xlang3-gc-r7b-per-definition-ownership-supplement-20261009-tomli_loads-attempt-01,True,failed,True,True,af19128ff6bd605f4e28a21a6a9bb4e01042c963bf6d19d951e8dcd3569b238a,bac1258e4ceb99652a9a714edff37d3f96940c54a52986ea027af3c4221b2c10,pyperformance-xlang3-gc-r7b-per-definition-ownership-supplement-20261009-tomli_loads-attempt-01.attempt.json,3b38d0b3435f9afc4921ae5f2f239e6d1ae3e2282606bb089d696b5b22ecd8eb,ERROR: Benchmark tomli_loads timed out,False
tornado_http,original-v1,pyperformance-xlang3-gc-r7b-per-definition-full-fast-20261009-tornado_http-attempt-01,True,completed,True,True,acd69fc5e3c350b172958276ddbd90f3f585794e8634b5541b80c2a233194c00,a9cb9fcadd403b2788f93bc16e238b9f2e526c892abf3c9b12399f18191e21dc,pyperformance-xlang3-gc-r7b-per-definition-full-fast-20261009-tornado_http-attempt-01.attempt.json,bcfe008bd884e89e705f080887d5783bed953c77937438241745eb3521ae4ab5,,True
typing_runtime_protocols,original-v1,pyperformance-xlang3-gc-r7b-per-definition-full-fast-20261009-typing_runtime_protocols-attempt-01,True,completed,True,True,acd69fc5e3c350b172958276ddbd90f3f585794e8634b5541b80c2a233194c00,a9cb9fcadd403b2788f93bc16e238b9f2e526c892abf3c9b12399f18191e21dc,pyperformance-xlang3-gc-r7b-per-definition-full-fast-20261009-typing_runtime_protocols-attempt-01.attempt.json,14352baefc437be35de5e93e2d9e88069cca5f7597cb9e0c34a895804ffa1b96,,True
unpack_sequence,original-v1,pyperformance-xlang3-gc-r7b-per-definition-full-fast-20261009-unpack_sequence-attempt-01,True,completed,True,True,acd69fc5e3c350b172958276ddbd90f3f585794e8634b5541b80c2a233194c00,a9cb9fcadd403b2788f93bc16e238b9f2e526c892abf3c9b12399f18191e21dc,pyperformance-xlang3-gc-r7b-per-definition-full-fast-20261009-unpack_sequence-attempt-01.attempt.json,7722f8e8a75e6aa57e9f2587e222bd8ed355e314fdaa6bf4b48654b2fc67e7e3,,True
unpickle,original-v1,pyperformance-xlang3-gc-r7b-per-definition-full-fast-20261009-unpickle-attempt-01,True,completed,True,True,acd69fc5e3c350b172958276ddbd90f3f585794e8634b5541b80c2a233194c00,a9cb9fcadd403b2788f93bc16e238b9f2e526c892abf3c9b12399f18191e21dc,pyperformance-xlang3-gc-r7b-per-definition-full-fast-20261009-unpickle-attempt-01.attempt.json,bd9419fcb68bac708c30458ad556701de05ded9a19d072f6b216842199a2ee8d,,True
unpickle_list,original-v1,pyperformance-xlang3-gc-r7b-per-definition-full-fast-20261009-unpickle_list-attempt-01,True,completed,True,True,acd69fc5e3c350b172958276ddbd90f3f585794e8634b5541b80c2a233194c00,a9cb9fcadd403b2788f93bc16e238b9f2e526c892abf3c9b12399f18191e21dc,pyperformance-xlang3-gc-r7b-per-definition-full-fast-20261009-unpickle_list-attempt-01.attempt.json,7e1687bced67794b4bc4f756f5e9ffd951b0eecf2c1003c5621e4a2ee4f41bb4,,True
unpickle_pure_python,original-v1,pyperformance-xlang3-gc-r7b-per-definition-full-fast-20261009-unpickle_pure_python-attempt-01,True,completed,True,True,acd69fc5e3c350b172958276ddbd90f3f585794e8634b5541b80c2a233194c00,a9cb9fcadd403b2788f93bc16e238b9f2e526c892abf3c9b12399f18191e21dc,pyperformance-xlang3-gc-r7b-per-definition-full-fast-20261009-unpickle_pure_python-attempt-01.attempt.json,2f68319084486bf56bab463bfd8cdab5b5892e46952963a5e16468cb17095100,,True
xdsl,original-v1,pyperformance-xlang3-gc-r7b-per-definition-full-fast-20261009-xdsl-attempt-01,False,invalid,True,False,acd69fc5e3c350b172958276ddbd90f3f585794e8634b5541b80c2a233194c00,a9cb9fcadd403b2788f93bc16e238b9f2e526c892abf3c9b12399f18191e21dc,pyperformance-xlang3-gc-r7b-per-definition-full-fast-20261009-xdsl-attempt-01.attempt.json,628a7ff592dbf903b30826e1f92eeed466dd8b6280f507b5d18544f9901e139a,RuntimeError('Manager failure lacks original definition failure evidence'),False
xdsl,supplement-v2,pyperformance-xlang3-gc-r7b-per-definition-ownership-supplement-20261009-xdsl-attempt-01,True,failed,True,True,af19128ff6bd605f4e28a21a6a9bb4e01042c963bf6d19d951e8dcd3569b238a,bac1258e4ceb99652a9a714edff37d3f96940c54a52986ea027af3c4221b2c10,pyperformance-xlang3-gc-r7b-per-definition-ownership-supplement-20261009-xdsl-attempt-01.attempt.json,08534cd719eeb342fd314f0b0302740ba1bbe341079ac9869a2fe72964372e48,ERROR: Benchmark xdsl failed: Benchmark died,False
xml_etree,original-v1,pyperformance-xlang3-gc-r7b-per-definition-full-fast-20261009-xml_etree-attempt-01,False,invalid,True,False,acd69fc5e3c350b172958276ddbd90f3f585794e8634b5541b80c2a233194c00,a9cb9fcadd403b2788f93bc16e238b9f2e526c892abf3c9b12399f18191e21dc,pyperformance-xlang3-gc-r7b-per-definition-full-fast-20261009-xml_etree-attempt-01.attempt.json,12ae14097042f64e88bc8a673cf53565100f47aeabc3409e1519fe28605d8ac4,RuntimeError('Manager failure lacks original definition failure evidence'),False
xml_etree,supplement-v2,pyperformance-xlang3-gc-r7b-per-definition-ownership-supplement-20261009-xml_etree-attempt-01,True,failed,True,True,af19128ff6bd605f4e28a21a6a9bb4e01042c963bf6d19d951e8dcd3569b238a,bac1258e4ceb99652a9a714edff37d3f96940c54a52986ea027af3c4221b2c10,pyperformance-xlang3-gc-r7b-per-definition-ownership-supplement-20261009-xml_etree-attempt-01.attempt.json,d88adf51a65e0333ff68389a0a911fe7cc4d00b3f9d5bf0b67aaf36e337a93a7,ERROR: Benchmark xml_etree timed out,False
