benchmark,subtest,before_seconds,after_seconds,cpython3147_seconds,before_over_after,cpython_over_before,cpython_over_after
2to3,2to3,2.9399348000006285,2.9180820350011345,0.33259648499806643,1.0074887425155905,0.11313056500368489,0.11397777067564076
async_generators,async_generators,2.5609100500034403,2.5209730249931455,0.3005162399989786,1.0158419089035684,0.11734744060947196,0.11920644807367413
async_tree_eager,async_tree_eager,1.5111772700038273,1.4598977849993389,0.09183448499898077,1.0351253940730594,0.060770160339129624,0.06290473616892456
async_tree_eager_cpu_io_mixed,async_tree_eager_cpu_io_mixed,7.130708399998548,7.040031460000319,0.35760893000115174,1.0128801896004915,0.05015054745489586,0.05079649601468337
async_tree_eager_memoization,async_tree_eager_memoization,3.9897197649959706,3.829778965000878,0.2003597599978093,1.0417624101695528,0.050219005794762045,0.05231627251307005
async_tree_eager_memoization_tg,async_tree_eager_memoization_tg,6.191129810000712,6.1908854200009955,0.28059916999627604,1.0000394757749718,0.0453227728391377,0.0453245619907194
async_tree_eager_tg,async_tree_eager_tg,3.8210532849974697,3.7346107500066865,0.21094235999626107,1.0231463305755837,0.05520529138509534,0.05648309130901618
async_tree_memoization,async_tree_memoization,5.86735682500439,5.7323974049984825,0.301354679997894,1.0235432770045265,0.05136123283207145,0.05257044456393089
async_tree_memoization_tg,async_tree_memoization_tg,5.984556875006819,5.910760550003033,0.2948637749970658,1.0124850811294916,0.04927077829747082,0.04988592796182794
async_tree,async_tree_none,4.320248370000627,4.088890700000047,0.23684806499513797,1.0565820137966948,0.05482278904143273,0.05792477284734836
async_tree_tg,async_tree_none_tg,3.9369178399952944,3.9688835999986622,0.25000156499882,0.9919459063996287,0.06350184971071654,0.06299039986934972
asyncio_tcp,asyncio_tcp,4.3849737099968475,4.250333860004321,0.6568243099973188,1.0316774762706264,0.1497897942922424,0.15453475694651692
asyncio_websockets,asyncio_websockets,0.5089351999995415,0.5081064899990452,0.19487421000085306,1.0016309770034582,0.38290574124373516,0.38353025170219585
chaos,chaos,0.46217304000165316,0.4759920600015903,0.0503494149990729,0.9709679611044543,0.10894061453453192,0.10577784637606075
comprehensions,comprehensions,0.0001811488574233522,0.0001776269580076928,1.4924288940321162e-05,1.0198275050992365,0.08238687868421106,0.08402040494143242
networkx_connected_components,connected_components,1.4433325900041383,1.417336390001583,0.38249866000405747,1.01834158791515,0.2650107554232949,0.2698714734923516
coroutines,coroutines,0.14481491000333335,0.1424680999960401,0.018448993125093693,1.0164725296916186,0.12739705548737373,0.12949560726651427
crypto_pyaes,crypto_pyaes,0.3606995449983515,0.3605114650010364,0.0635165474996029,1.0005217032343605,0.17609267430568337,0.17618454242341583
deepcopy,deepcopy,0.0027401387470717964,0.0027351122662821583,0.00023327250014801849,1.001837760318508,0.08513163809580857,0.08528808964215064
deepcopy,deepcopy_memo,0.0002883590332089625,0.0002862883105393621,2.3885686035285403e-05,1.007232997622918,0.08283314647533993,0.08343227842689488
deepcopy,deepcopy_reduce,3.0189052734286293e-05,3.017357788017705e-05,2.4045040130982186e-06,1.0005128610922673,0.07964821004030301,0.07968905850830142
deltablue,deltablue,0.04144549874945369,0.04081186000003072,0.002792376484353554,1.0155258483544367,0.06737466235438562,0.06842071114503118
django_template,django_template,0.5830813700027647,0.5793097900037537,0.03243154250158113,1.006510471709768,0.055620954758728365,0.05598307341115535
fannkuch,fannkuch,0.28743067999748745,0.2890946050043567,0.32348486499977297,0.9942443581510483,1.1254361051596882,1.11895849801451
float,float,0.08089266249953653,0.07945031249910244,0.059242177499254464,1.0181541136222767,0.7323553913136917,0.7456506542994873
gc_traversal,gc_traversal,0.001350902617707561,0.0007429597461168669,0.0023418023437898226,1.818271615344104,1.7335093685463332,3.151990879760879
generators,generators,0.3268421000044327,0.3271931049996056,0.027394371249829418,0.9989272237409365,0.08381530791002105,0.08372539283754907
go,go,0.9604106650003814,0.9705912150049698,0.1035361100002774,0.989510980681464,0.10780399861577578,0.10667324039167947
hexiom,hexiom,0.048196174999975486,0.049781053750120915,0.005571861718908622,0.968163013219832,0.11560796513232546,0.11192735587472549
html5lib,html5lib,0.7966568999981973,0.8168833400006406,0.04731468624995614,0.9752394999236643,0.05939154766633315,0.05792098324580722
json_dumps,json_dumps,0.036900921249980456,0.03844185749949247,0.00832002468760038,0.9599151458918873,0.22546929468880905,0.21643139090534907
json_loads,json_loads,8.181166406302509e-05,8.336619921806232e-05,1.938598242205103e-05,0.9813529323680571,0.23695866162943086,0.23254007744005217
logging,logging_format,0.00010764696484443447,0.00010942038281427813,7.870341553015692e-06,0.9837926177533693,0.07311252634377087,0.07192756368230052
logging,logging_silent,1.1132660217239022e-06,1.168012268077945e-06,6.992002678007925e-08,0.9531287060502096,0.06280621649783892,0.05986240786249454
logging,logging_simple,9.5525066404889e-05,0.00010055516015995634,7.484943603728312e-06,0.949976771484767,0.07835580633886093,0.07443619593287674
argparse,many_optionals,0.00959640906230561,0.009134871875266981,0.0007036699609329844,1.0505247575817958,0.07332638243788268,0.07703118013490677
meteor_contest,meteor_contest,1.480459315002372,1.4003899200019077,0.09803676749943406,1.0571765005280496,0.06622050772079272,0.07000676461545832
nbody,nbody,0.31697553499834613,0.32390764000156197,0.08479446249912144,0.9785985134429604,0.26751106358906807,0.26178592915780724
nqueens,nqueens,0.8988668350008083,0.8755615550006042,0.08352133250082261,1.0266175231965136,0.0929184716229379,0.09539173119674604
pathlib,pathlib,0.6547558299993398,0.6056366999982856,0.04598563000145077,1.0811032917938976,0.07023325015906638,0.07592939794035095
pickle,pickle,2.0205208496406613e-05,1.9168972656160577e-05,1.0346825195384213e-05,1.0540579747716947,0.5120870293035749,0.5397694170145797
pickle_dict,pickle_dict,2.654120605512844e-05,2.604705273455465e-05,2.636482812562235e-05,1.018971563716237,0.9933545623684268,1.0122000517412142
pickle_list,pickle_list,4.470175292929923e-06,4.521442260667641e-06,4.414678710880082e-06,0.9886613684788829,0.9875851441133382,0.9763872800685076
pickle_pure_python,pickle_pure_python,0.005741859749978175,0.0056937522497901225,0.00027938693750229505,1.0084491734233476,0.048657917411402636,0.04906903659403051
pidigits,pidigits,0.42089825500297595,0.40566790500161004,0.17488335499947424,1.037543887040572,0.4155003089719099,0.43109980563727407
pyflate,pyflate,3.202869925001869,3.1071371300000465,0.37109437499311754,1.0308106115039155,0.11586308020076744,0.11943289255248028
python_startup,python_startup,0.03289413791680999,0.03269632541754011,0.019403194166261527,1.0060499917572927,0.5898678425722126,0.5934365381576666
python_startup_no_site,python_startup_no_site,0.01912597999992916,0.019916651874821886,0.016027667916387146,0.9603009642452871,0.8380050547185822,0.804737062088679
raytrace,raytrace,2.3077814900010707,2.356950809994305,0.2332207199986442,0.9791385888136745,0.10105840652987298,0.09895018555741845
regex_compile,regex_compile,1.390690759998688,1.3307944100000895,0.10121562499844003,1.0450079663308733,0.07278082799553189,0.07605654505148787
regex_dna,regex_dna,0.22123687499843073,0.22419455500057667,0.14148805500299205,0.9868075297273017,0.6395319722537016,0.6310949657213045
regex_effbot,regex_effbot,0.013386273500073004,0.013451388999674236,0.0019422565000058966,0.9951591988304845,0.14509314336027157,0.14439077630220448
regex_v8,regex_v8,0.07122304750082549,0.06933017250266857,0.01705525875058811,1.027302326387318,0.23946263673132542,0.24600052379693185
richards,richards,0.3859125450020656,0.37468500999966636,0.03698711624929274,1.0299652633619083,0.09584325964084625,0.09871522815744797
richards_super,richards_super,0.5345498600028804,0.47130739499698393,0.041302105000067965,1.1341851744259204,0.07726520590585396,0.08763305103738564
scimark,scimark_fft,0.9965318599977764,1.0033057849985199,0.2504840749956202,0.9932483943559107,0.251355812142503,0.24965875682256705
scimark,scimark_lu,1.5101651049990323,1.4362463299985393,0.08186963500047569,1.0514666415200296,0.054212373686470625,0.05700250248894209
scimark,scimark_monte_carlo,0.5713000550007564,0.5657724749980844,0.05418940750096226,1.0097699698146163,0.0948527958760489,0.09577950482858986
scimark,scimark_sor,0.8653976699963095,0.8561728549990221,0.10373470499471296,1.01077447730727,0.11986940639111651,0.12116093659011351
scimark,scimark_sparse_mat_mult,0.01824054687494936,0.017504306874434404,0.003379831406255107,1.0420605057827372,0.18529221900121842,0.19308570345001538
networkx,shortest_path,1.5892892899966682,1.6221448299984331,0.43296026499738216,0.9797456186438072,0.27242382348042493,0.2669060474691402
spectral_norm,spectral_norm,0.5225373550027144,0.5194533099958789,0.08185429499862948,1.0059370976129884,0.15664773860656198,0.15757777152152302
sqlglot_v2,sqlglot_v2_normalize,1.780073899999843,1.7802813949994742,0.09321319499940728,0.9998834482008214,0.052364789461502415,0.05235868625107707
sqlglot_v2_optimize,sqlglot_v2_optimize,0.8031429500028026,0.7995041149973986,0.04491114125012245,1.0045513649487794,0.05591923735365632,0.056173746210510224
sqlglot_v2_parse,sqlglot_v2_parse,0.02287397625059384,0.023277213125038543,0.0010437135545203092,0.9826767546321534,0.0456288641330216,0.044838424123789127
sqlglot_v2_transpile,sqlglot_v2_transpile,0.027415983750324814,0.02843876125116367,0.0012964675389866898,0.9640357928460402,0.047288747717153495,0.045588045398202444
argparse_subparsers,subparsers,0.14970874499995263,0.14614958000165643,0.00819124687477597,1.0243528924151262,0.05471455174364438,0.056047009335799196
telco,telco,0.04324841375055257,0.04583864999949583,0.006032313437526682,0.9434923094599917,0.13948057083248766,0.13159884589954177
tornado_http,tornado_http,1.608002175000729,1.4801942250036517,0.1488757600032841,1.086345391596675,0.09258430263206367,0.10057853049853428
typing_runtime_protocols,typing_runtime_protocols,0.00025272478516455974,0.00317000187501435,0.00013079553222894447,0.07972385983633391,0.5175413726982813,0.041260395856501625
unpack_sequence,unpack_sequence,1.786736389188803e-07,1.6571152953837044e-07,3.748903655820257e-08,1.0782209265500051,0.20981850923864032,0.22623070743862755
unpickle,unpickle,7.581092968905523e-05,7.039899414053252e-05,1.0195487793112079e-05,1.0768751828714944,0.13448572435306771,0.1448243390063152
unpickle_list,unpickle_list,1.1940944336430448e-05,1.1530868652442905e-05,3.545922973593463e-06,1.0355632950428817,0.29695498728482134,0.3075156851120866
unpickle_pure_python,unpickle_pure_python,0.0026825013749476054,0.0026112728750013045,0.00017703142968684914,1.0272773100920238,0.06599490734289257,0.06779507089497902
