child,selection,case,seconds_per_10000,microseconds_per_call
round-1-cpython-python,cpython-python,original_lookup,0.00076850003097206354,0.076850003097206354
round-1-cpython-python,cpython-python,saved_native_lookup,0.00076959998114034534,0.076959998114034534
round-1-xlang3-control,xlang3-control,original_lookup,0.0095373999793082476,0.95373999793082476
round-1-xlang3-control,xlang3-control,saved_native_lookup,0.0065722999861463904,0.65722999861463904
round-1-xlang3-current,xlang3-current,original_lookup,0.0094846999854780734,0.94846999854780734
round-1-xlang3-current,xlang3-current,saved_native_lookup,0.005611599946860224,0.5611599946860224
round-2-cpython-python,cpython-python,original_lookup,0.00073919998249039054,0.073919998249039054
round-2-cpython-python,cpython-python,saved_native_lookup,0.00082910002674907446,0.082910002674907446
round-2-xlang3-current,xlang3-current,original_lookup,0.0085373999900184572,0.85373999900184572
round-2-xlang3-current,xlang3-current,saved_native_lookup,0.0052771999617107213,0.52771999617107213
round-2-xlang3-control,xlang3-control,original_lookup,0.0095329000032506883,0.95329000032506883
round-2-xlang3-control,xlang3-control,saved_native_lookup,0.0053750000079162419,0.53750000079162419
round-3-xlang3-control,xlang3-control,original_lookup,0.0095344999572262168,0.95344999572262168
round-3-xlang3-control,xlang3-control,saved_native_lookup,0.0065809999941848218,0.65809999941848218
round-3-cpython-python,cpython-python,original_lookup,0.00076800002716481686,0.076800002716481686
round-3-cpython-python,cpython-python,saved_native_lookup,0.00079289998393505812,0.079289998393505812
round-3-xlang3-current,xlang3-current,original_lookup,0.0085900999838486314,0.85900999838486314
round-3-xlang3-current,xlang3-current,saved_native_lookup,0.0053303000167943537,0.53303000167943537
round-4-xlang3-control,xlang3-control,original_lookup,0.0090907000121660531,0.90907000121660531
round-4-xlang3-control,xlang3-control,saved_native_lookup,0.0054469999740831554,0.54469999740831554
round-4-xlang3-current,xlang3-current,original_lookup,0.0085898000397719443,0.85898000397719443
round-4-xlang3-current,xlang3-current,saved_native_lookup,0.0051001000101678073,0.51001000101678073
round-4-cpython-python,cpython-python,original_lookup,0.00072429998544976115,0.072429998544976115
round-4-cpython-python,cpython-python,saved_native_lookup,0.0007035000016912818,0.07035000016912818
round-5-xlang3-current,xlang3-current,original_lookup,0.0083244999987073243,0.83244999987073243
round-5-xlang3-current,xlang3-current,saved_native_lookup,0.0052321999683044851,0.52321999683044851
round-5-cpython-python,cpython-python,original_lookup,0.00075940001988783479,0.075940001988783479
round-5-cpython-python,cpython-python,saved_native_lookup,0.0007217000238597393,0.07217000238597393
round-5-xlang3-control,xlang3-control,original_lookup,0.0086130999843589962,0.86130999843589962
round-5-xlang3-control,xlang3-control,saved_native_lookup,0.0052344999858178198,0.52344999858178198
round-6-xlang3-current,xlang3-current,original_lookup,0.0097883000271394849,0.97883000271394849
round-6-xlang3-current,xlang3-current,saved_native_lookup,0.0052935000276193023,0.52935000276193023
round-6-xlang3-control,xlang3-control,original_lookup,0.0083559000049717724,0.83559000049717724
round-6-xlang3-control,xlang3-control,saved_native_lookup,0.0054547999752685428,0.54547999752685428
round-6-cpython-python,cpython-python,original_lookup,0.00079399999231100082,0.079399999231100082
round-6-cpython-python,cpython-python,saved_native_lookup,0.00073359999805688858,0.073359999805688858
