protocol,shape,instances,loops,median_seconds
HasX,empty,1,2000,0.004007900
HasX,property,2,2000,0.000941700
HasX,class_attrs,2,2000,0.000888600
HasX,instance_attrs,3,2000,0.010463300
HasX,methods,2,2000,0.007765300
HasX,nominal,3,2000,0.013373000
HasManyAttributes,empty,1,2000,0.003938300
HasManyAttributes,property,2,2000,0.007802500
HasManyAttributes,class_attrs,2,2000,0.007800700
HasManyAttributes,instance_attrs,3,2000,0.021549800
HasManyAttributes,methods,2,2000,0.007588100
HasManyAttributes,nominal,3,2000,0.019984500
SupportsInt,empty,1,2000,0.004242800
SupportsInt,property,2,2000,0.004432700
SupportsInt,class_attrs,2,2000,0.004309400
SupportsInt,instance_attrs,3,2000,0.007974100
SupportsInt,methods,2,2000,0.004198000
SupportsInt,nominal,3,2000,0.007651500
SupportsManyMethods,empty,1,2000,0.003939400
SupportsManyMethods,property,2,2000,0.007798200
SupportsManyMethods,class_attrs,2,2000,0.008091800
SupportsManyMethods,instance_attrs,3,2000,0.011394500
SupportsManyMethods,methods,2,2000,0.004430200
SupportsManyMethods,nominal,3,2000,0.019978000
SupportsIntAndX,empty,1,2000,0.004021000
SupportsIntAndX,property,2,2000,0.004426800
SupportsIntAndX,class_attrs,2,2000,0.004459000
SupportsIntAndX,instance_attrs,3,2000,0.013208900
SupportsIntAndX,methods,2,2000,0.009992000
SupportsIntAndX,nominal,3,2000,0.016487500
