protocol,shape,instances,loops,xlang_median_seconds,cpython_median_seconds,xlang_slowdown
HasX,empty,1,2000,0.006462300,0.003697200,1.748
HasX,property,2,2000,0.011071300,0.000881300,12.562
HasX,class_attrs,2,2000,0.011644300,0.000885500,13.150
HasX,instance_attrs,3,2000,0.022505800,0.010162800,2.215
HasX,methods,2,2000,0.014684500,0.007522200,1.952
HasX,nominal,3,2000,0.022255800,0.012986100,1.714
HasManyAttributes,empty,1,2000,0.007610200,0.003722300,2.044
HasManyAttributes,property,2,2000,0.014681100,0.007535000,1.948
HasManyAttributes,class_attrs,2,2000,0.014814500,0.007541000,1.965
HasManyAttributes,instance_attrs,3,2000,0.022135700,0.020445100,1.083
HasManyAttributes,methods,2,2000,0.016002800,0.007420100,2.157
HasManyAttributes,nominal,3,2000,0.023128100,0.019721500,1.173
SupportsInt,empty,1,2000,0.006501800,0.003849800,1.689
SupportsInt,property,2,2000,0.012564700,0.004319600,2.909
SupportsInt,class_attrs,2,2000,0.013060100,0.004743400,2.753
SupportsInt,instance_attrs,3,2000,0.021474500,0.008233000,2.608
SupportsInt,methods,2,2000,0.014008700,0.004304100,3.255
SupportsInt,nominal,3,2000,0.020478500,0.007714900,2.654
SupportsManyMethods,empty,1,2000,0.006599500,0.003798500,1.737
SupportsManyMethods,property,2,2000,0.013961400,0.007636300,1.828
SupportsManyMethods,class_attrs,2,2000,0.014226500,0.007568000,1.880
SupportsManyMethods,instance_attrs,3,2000,0.022697900,0.011234700,2.020
SupportsManyMethods,methods,2,2000,0.013263800,0.004420300,3.001
SupportsManyMethods,nominal,3,2000,0.024423800,0.020633200,1.184
SupportsIntAndX,empty,1,2000,0.006615500,0.004061700,1.629
SupportsIntAndX,property,2,2000,0.012720700,0.006536500,1.946
SupportsIntAndX,class_attrs,2,2000,0.012887100,0.006527700,1.974
SupportsIntAndX,instance_attrs,3,2000,0.022825800,0.016103800,1.417
SupportsIntAndX,methods,2,2000,0.015799600,0.007814200,2.022
SupportsIntAndX,nominal,3,2000,0.022882300,0.019618100,1.166
