probe,row,identity,median_speedup,favorable_pairs,pair_1,pair_2,pair_3,pair_4,pair_5,pair_6,pair_7
trivial_callback,0,"{""checked_result"": 0, ""mapping_stays_empty"": true, ""operations_per_sample"": 8192, ""path"": ""direct_constant""}",1.0248559224093554,6,1.0056153231595906,1.0298489398872284,1.0711696251105989,1.0129479407509272,1.0384708553272755,0.8673573254602239,1.0248559224093554
trivial_callback,1,"{""checked_result"": 32, ""mapping_stays_empty"": true, ""operations_per_sample"": 8192, ""path"": ""native_max_constant_key""}",0.9905109562512333,3,1.012052644635864,0.9749642519135365,0.9629301187245801,1.011131707289981,0.9905109562512333,1.0070562439287485,0.976678773367048
trivial_callback,2,"{""checked_result"": 0, ""mapping_stays_empty"": true, ""operations_per_sample"": 8192, ""path"": ""counter_missing""}",0.9949466996226183,3,0.9949466996226183,0.9857157120992448,1.0004808608044453,0.9366682086720713,1.0357483650685324,1.0510048594000838,0.9939838963170178
trivial_callback,3,"{""checked_result"": 0, ""mapping_stays_empty"": true, ""operations_per_sample"": 8192, ""path"": ""direct_counter_missing""}",0.9780276798088993,1,0.9780276798088993,0.9826295851987178,0.9236509410996953,0.8978853937695843,0.9885900408206787,1.032297940689599,0.9659931339814526
trivial_callback,4,"{""checked_result"": 0, ""mapping_stays_empty"": true, ""operations_per_sample"": 8192, ""path"": ""dict_get_default""}",0.9546105840685425,0,0.9546105840685425,0.9440904098002663,0.959325591993386,0.9355967047900479,0.9497183861829712,0.9850688377059355,0.9760791879619963
nontrivial_callback,0,"{""checksum"": 8184, ""lookups_per_sample"": 8192, ""mapping"": ""dict"", ""path"": ""direct_lookup""}",1.0519163074109266,6,0.9854446418812041,1.0727499936690412,1.1134031741664514,1.0519163074109266,1.077039810377696,1.0118924349440623,1.0242639516536505
nontrivial_callback,1,"{""checksum"": 8184, ""lookups_per_sample"": 8192, ""mapping"": ""dict"", ""path"": ""python_call""}",1.7494898296663495,7,1.773882473937856,1.7736517785388757,1.7049019316541765,1.6808362758861606,1.7494898296663495,1.6674204843003124,1.7759339189901981
nontrivial_callback,2,"{""checksum"": 8184, ""lookups_per_sample"": 8192, ""mapping"": ""dict"", ""path"": ""native_callback""}",0.9968854997259315,3,0.9968854997259315,1.0532722679143565,0.9842862049806937,1.0111066591735758,1.009066395251031,0.9920746133132143,0.9820291635312864
nontrivial_callback,3,"{""checksum"": 8184, ""lookups_per_sample"": 8192, ""mapping"": ""Counter"", ""path"": ""direct_lookup""}",0.9922664546076218,3,1.0780802210724572,0.9705111561433469,0.9687301505691305,0.9837810524536871,1.0843505594115763,1.0421075136260145,0.9922664546076218
nontrivial_callback,4,"{""checksum"": 8184, ""lookups_per_sample"": 8192, ""mapping"": ""Counter"", ""path"": ""python_call""}",1.7362061115691145,7,1.7319153611858167,1.6979560292486144,1.7803274260780062,1.7362061115691145,1.6836296868931573,1.7488576372332079,1.8380876640423556
nontrivial_callback,5,"{""checksum"": 8184, ""lookups_per_sample"": 8192, ""mapping"": ""Counter"", ""path"": ""native_callback""}",1.0437272891845166,6,1.0524924902304518,1.003480546635945,1.1203264226616692,1.0437272891845166,0.9867674889539012,1.0200232983867161,1.0530161852545725
