entries,runtime,median_seconds,speed_cpython_1x
1024,CPython 3.14.7,7.570000889245421e-05,1.0
1024,XLang3 candidate,0.0009740999958012253,0.07771276996073567
1024,XLang3 previous,0.008379699997021817,0.009033737355676018
4096,CPython 3.14.7,0.0003208999987691641,1.0
4096,XLang3 candidate,0.0043077000009361655,0.07449450952931376
4096,XLang3 previous,0.12497049999365117,0.0025678059924979625
16384,CPython 3.14.7,0.001526199994259514,1.0
16384,XLang3 candidate,0.015663699989090674,0.09743547152476549
16384,XLang3 previous,1.995312400002149,0.0007648927527628607
